Level1,Level2,Level3,ReqList_Last
서울특별시,종로구,청운효자동,60_127
서울특별시,종로구,사직동,60_127
서울특별시,종로구,삼청동,60_127
서울특별시,종로구,부암동,60_127
서울특별시,종로구,평창동,60_127
서울특별시,종로구,무악동,60_127
서울특별시,종로구,교남동,60_127
서울특별시,종로구,가회동,60_127
서울특별시,종로구,종로1.2.3.4가동,60_127
서울특별시,종로구,종로5.6가동,60_127
서울특별시,종로구,이화동,60_127
서울특별시,종로구,혜화동,60_127
서울특별시,종로구,창신제1동,61_127
서울특별시,종로구,창신제2동,60_127
서울특별시,종로구,창신제3동,60_127
서울특별시,종로구,숭인제1동,60_127
서울특별시,종로구,숭인제2동,61_127
서울특별시,중구,소공동,60_127
서울특별시,중구,회현동,60_126
서울특별시,중구,명동,60_127
서울특별시,중구,필동,60_127
서울특별시,중구,장충동,60_127
서울특별시,중구,광희동,60_127
서울특별시,중구,을지로동,60_127
서울특별시,중구,신당동,60_127
서울특별시,중구,다산동,60_126
서울특별시,중구,약수동,60_126
서울특별시,중구,청구동,60_126
서울특별시,중구,신당제5동,61_127
서울특별시,중구,동화동,61_127
서울특별시,중구,황학동,61_127
서울특별시,중구,중림동,60_126
서울특별시,용산구,후암동,60_126
서울특별시,용산구,용산2가동,60_126
서울특별시,용산구,남영동,60_126
서울특별시,용산구,청파동,60_126
서울특별시,용산구,원효로제1동,60_126
서울특별시,용산구,원효로제2동,59_126
서울특별시,용산구,효창동,60_126
서울특별시,용산구,용문동,60_126
서울특별시,용산구,한강로동,60_126
서울특별시,용산구,이촌제1동,60_126
서울특별시,용산구,이촌제2동,59_126
서울특별시,용산구,이태원제1동,60_126
서울특별시,용산구,이태원제2동,60_126
서울특별시,용산구,한남동,60_126
서울특별시,용산구,서빙고동,60_126
서울특별시,용산구,보광동,60_126
서울특별시,성동구,왕십리제2동,61_127
서울특별시,성동구,왕십리도선동,61_127
서울특별시,성동구,마장동,61_127
서울특별시,성동구,사근동,61_127
서울특별시,성동구,행당제1동,61_126
서울특별시,성동구,행당제2동,61_126
서울특별시,성동구,응봉동,61_126
서울특별시,성동구,금호1가동,61_126
서울특별시,성동구,금호2.3가동,61_126
서울특별시,성동구,금호4가동,61_126
서울특별시,성동구,옥수동,60_126
서울특별시,성동구,성수1가제1동,61_126
서울특별시,성동구,성수1가제2동,61_126
서울특별시,성동구,성수2가제1동,61_126
서울특별시,성동구,성수2가제3동,61_126
서울특별시,성동구,송정동,61_126
서울특별시,성동구,용답동,61_127
서울특별시,광진구,화양동,61_126
서울특별시,광진구,군자동,62_126
서울특별시,광진구,중곡제1동,62_127
서울특별시,광진구,중곡제2동,62_127
서울특별시,광진구,중곡제3동,62_127
서울특별시,광진구,중곡제4동,62_127
서울특별시,광진구,능동,62_126
서울특별시,광진구,광장동,62_126
서울특별시,광진구,자양제1동,62_126
서울특별시,광진구,자양제2동,62_126
서울특별시,광진구,자양제3동,61_126
서울특별시,광진구,자양제4동,61_126
서울특별시,광진구,구의제1동,62_126
서울특별시,광진구,구의제2동,62_126
서울특별시,광진구,구의제3동,62_126
서울특별시,동대문구,용신동,61_127
서울특별시,동대문구,제기동,61_127
서울특별시,동대문구,전농제1동,61_127
서울특별시,동대문구,전농제2동,61_127
서울특별시,동대문구,답십리제1동,61_127
서울특별시,동대문구,답십리제2동,61_127
서울특별시,동대문구,장안제1동,61_127
서울특별시,동대문구,장안제2동,61_127
서울특별시,동대문구,청량리동,61_127
서울특별시,동대문구,회기동,61_127
서울특별시,동대문구,휘경제1동,61_127
서울특별시,동대문구,휘경제2동,61_127
서울특별시,동대문구,이문제1동,61_127
서울특별시,동대문구,이문제2동,61_127
서울특별시,중랑구,면목본동,62_127
서울특별시,중랑구,면목제2동,62_127
서울특별시,중랑구,면목제4동,62_127
서울특별시,중랑구,면목제5동,62_127
서울특별시,중랑구,면목제7동,62_127
서울특별시,중랑구,면목제3.8동,62_127
서울특별시,중랑구,상봉제1동,62_127
서울특별시,중랑구,상봉제2동,62_127
서울특별시,중랑구,중화제1동,62_127
서울특별시,중랑구,중화제2동,62_127
서울특별시,중랑구,묵제1동,62_128
서울특별시,중랑구,묵제2동,62_128
서울특별시,중랑구,망우본동,62_127
서울특별시,중랑구,망우제3동,62_127
서울특별시,중랑구,신내1동,62_128
서울특별시,중랑구,신내2동,62_128
서울특별시,성북구,성북동,60_127
서울특별시,성북구,삼선동,60_127
서울특별시,성북구,동선동,61_127
서울특별시,성북구,돈암제1동,61_127
서울특별시,성북구,돈암제2동,60_127
서울특별시,성북구,안암동,61_127
서울특별시,성북구,보문동,61_127
서울특별시,성북구,정릉제1동,60_127
서울특별시,성북구,정릉제2동,60_127
서울특별시,성북구,정릉제3동,60_128
서울특별시,성북구,정릉제4동,60_128
서울특별시,성북구,길음제1동,61_127
서울특별시,성북구,길음제2동,61_128
서울특별시,성북구,종암동,61_127
서울특별시,성북구,월곡제1동,61_128
서울특별시,성북구,월곡제2동,61_127
서울특별시,성북구,장위제1동,61_128
서울특별시,성북구,장위제2동,61_128
서울특별시,성북구,장위제3동,61_128
서울특별시,성북구,석관동,61_128
서울특별시,강북구,삼양동,61_128
서울특별시,강북구,미아동,61_128
서울특별시,강북구,송중동,61_128
서울특별시,강북구,송천동,61_128
서울특별시,강북구,삼각산동,61_128
서울특별시,강북구,번1동,61_128
서울특별시,강북구,번2동,61_128
서울특별시,강북구,번3동,61_128
서울특별시,강북구,수유1동,60_128
서울특별시,강북구,수유2동,61_128
서울특별시,강북구,수유3동,61_128
서울특별시,강북구,우이동,60_128
서울특별시,강북구,인수동,60_128
서울특별시,도봉구,창제1동,61_128
서울특별시,도봉구,창제2동,61_128
서울특별시,도봉구,창제3동,61_128
서울특별시,도봉구,창제4동,61_129
서울특별시,도봉구,창제5동,61_129
서울특별시,도봉구,도봉제1동,61_129
서울특별시,도봉구,도봉제2동,61_129
서울특별시,도봉구,쌍문제1동,61_128
서울특별시,도봉구,쌍문제2동,61_129
서울특별시,도봉구,쌍문제3동,61_128
서울특별시,도봉구,쌍문제4동,61_129
서울특별시,도봉구,방학제1동,61_129
서울특별시,도봉구,방학제2동,61_129
서울특별시,도봉구,방학제3동,61_129
서울특별시,노원구,월계1동,61_128
서울특별시,노원구,월계2동,61_128
서울특별시,노원구,월계3동,61_128
서울특별시,노원구,공릉1동,61_128
서울특별시,노원구,공릉2동,62_128
서울특별시,노원구,하계1동,61_128
서울특별시,노원구,하계2동,61_128
서울특별시,노원구,중계본동,62_128
서울특별시,노원구,중계1동,62_129
서울특별시,노원구,중계4동,62_129
서울특별시,노원구,중계2.3동,61_128
서울특별시,노원구,상계1동,61_129
서울특별시,노원구,상계2동,61_129
서울특별시,노원구,상계3.4동,61_129
서울특별시,노원구,상계5동,61_129
서울특별시,노원구,상계6.7동,61_129
서울특별시,노원구,상계8동,61_129
서울특별시,노원구,상계9동,61_129
서울특별시,노원구,상계10동,61_129
서울특별시,은평구,녹번동,59_127
서울특별시,은평구,불광제1동,59_128
서울특별시,은평구,불광제2동,59_128
서울특별시,은평구,갈현제1동,59_128
서울특별시,은평구,갈현제2동,59_128
서울특별시,은평구,구산동,59_128
서울특별시,은평구,대조동,59_128
서울특별시,은평구,응암제1동,59_127
서울특별시,은평구,응암제2동,59_127
서울특별시,은평구,응암제3동,59_127
서울특별시,은평구,역촌동,59_127
서울특별시,은평구,신사제1동,59_127
서울특별시,은평구,신사제2동,59_127
서울특별시,은평구,증산동,59_127
서울특별시,은평구,수색동,58_127
서울특별시,은평구,진관동,59_128
서울특별시,서대문구,천연동,60_127
서울특별시,서대문구,북아현동,59_126
서울특별시,서대문구,충현동,59_127
서울특별시,서대문구,신촌동,59_126
서울특별시,서대문구,연희동,59_127
서울특별시,서대문구,홍제제1동,59_127
서울특별시,서대문구,홍제제3동,59_127
서울특별시,서대문구,홍제제2동,59_127
서울특별시,서대문구,홍은제1동,59_127
서울특별시,서대문구,홍은제2동,59_127
서울특별시,서대문구,남가좌제1동,59_127
서울특별시,서대문구,남가좌제2동,59_127
서울특별시,서대문구,북가좌제1동,59_127
서울특별시,서대문구,북가좌제2동,59_127
서울특별시,마포구,아현동,59_126
서울특별시,마포구,공덕동,60_126
서울특별시,마포구,도화동,59_126
서울특별시,마포구,용강동,59_126
서울특별시,마포구,대흥동,59_126
서울특별시,마포구,염리동,59_126
서울특별시,마포구,신수동,59_126
서울특별시,마포구,서강동,59_126
서울특별시,마포구,서교동,59_126
서울특별시,마포구,합정동,59_126
서울특별시,마포구,망원제1동,59_126
서울특별시,마포구,망원제2동,59_126
서울특별시,마포구,연남동,59_127
서울특별시,마포구,성산제1동,59_127
서울특별시,마포구,성산제2동,59_127
서울특별시,마포구,상암동,58_127
서울특별시,양천구,목1동,58_126
서울특별시,양천구,목2동,58_126
서울특별시,양천구,목3동,58_126
서울특별시,양천구,목4동,58_126
서울특별시,양천구,목5동,58_126
서울특별시,양천구,신월1동,57_126
서울특별시,양천구,신월2동,58_126
서울특별시,양천구,신월3동,57_126
서울특별시,양천구,신월4동,57_126
서울특별시,양천구,신월5동,57_126
서울특별시,양천구,신월6동,58_126
서울특별시,양천구,신월7동,57_126
서울특별시,양천구,신정1동,58_126
서울특별시,양천구,신정2동,58_126
서울특별시,양천구,신정3동,58_126
서울특별시,양천구,신정4동,58_126
서울특별시,양천구,신정6동,58_126
서울특별시,양천구,신정7동,58_125
서울특별시,강서구,염창동,58_126
서울특별시,강서구,등촌제1동,58_126
서울특별시,강서구,등촌제2동,58_126
서울특별시,강서구,등촌제3동,58_126
서울특별시,강서구,화곡본동,58_126
서울특별시,강서구,화곡제1동,58_126
서울특별시,강서구,화곡제2동,58_126
서울특별시,강서구,화곡제3동,57_126
서울특별시,강서구,화곡제4동,58_126
서울특별시,강서구,화곡제6동,58_126
서울특별시,강서구,화곡제8동,58_126
서울특별시,강서구,가양제1동,57_127
서울특별시,강서구,가양제2동,58_127
서울특별시,강서구,가양제3동,58_127
서울특별시,강서구,발산제1동,57_126
서울특별시,강서구,우장산동,58_126
서울특별시,강서구,공항동,57_126
서울특별시,강서구,방화제1동,57_127
서울특별시,강서구,방화제2동,57_127
서울특별시,강서구,방화제3동,57_127
서울특별시,구로구,신도림동,58_125
서울특별시,구로구,구로제1동,58_125
서울특별시,구로구,구로제2동,58_125
서울특별시,구로구,구로제3동,58_125
서울특별시,구로구,구로제4동,58_125
서울특별시,구로구,구로제5동,58_125
서울특별시,구로구,가리봉동,58_125
서울특별시,구로구,고척제1동,58_125
서울특별시,구로구,고척제2동,58_125
서울특별시,구로구,개봉제1동,58_125
서울특별시,구로구,개봉제2동,58_125
서울특별시,구로구,개봉제3동,58_125
서울특별시,구로구,오류제1동,58_125
서울특별시,구로구,오류제2동,57_125
서울특별시,구로구,수궁동,57_125
서울특별시,구로구,항동,57_125
서울특별시,금천구,가산동,58_125
서울특별시,금천구,독산제1동,58_125
서울특별시,금천구,독산제2동,59_124
서울특별시,금천구,독산제3동,59_125
서울특별시,금천구,독산제4동,59_124
서울특별시,금천구,시흥제1동,58_124
서울특별시,금천구,시흥제2동,59_124
서울특별시,금천구,시흥제3동,59_124
서울특별시,금천구,시흥제4동,59_124
서울특별시,금천구,시흥제5동,59_124
서울특별시,영등포구,영등포본동,59_126
서울특별시,영등포구,영등포동,59_126
서울특별시,영등포구,여의동,59_126
서울특별시,영등포구,당산제1동,58_126
서울특별시,영등포구,당산제2동,59_126
서울특별시,영등포구,도림동,59_125
서울특별시,영등포구,문래동,59_126
서울특별시,영등포구,양평제1동,58_126
서울특별시,영등포구,양평제2동,58_126
서울특별시,영등포구,신길제1동,59_125
서울특별시,영등포구,신길제3동,59_125
서울특별시,영등포구,신길제4동,59_125
서울특별시,영등포구,신길제5동,59_125
서울특별시,영등포구,신길제6동,59_125
서울특별시,영등포구,신길제7동,59_125
서울특별시,영등포구,대림제1동,59_125
서울특별시,영등포구,대림제2동,58_125
서울특별시,영등포구,대림제3동,58_125
서울특별시,동작구,노량진제1동,59_125
서울특별시,동작구,노량진제2동,59_125
서울특별시,동작구,상도제1동,59_125
서울특별시,동작구,상도제2동,59_125
서울특별시,동작구,상도제3동,59_125
서울특별시,동작구,상도제4동,59_125
서울특별시,동작구,흑석동,60_125
서울특별시,동작구,사당제1동,60_125
서울특별시,동작구,사당제2동,60_125
서울특별시,동작구,사당제3동,60_125
서울특별시,동작구,사당제4동,60_125
서울특별시,동작구,사당제5동,60_125
서울특별시,동작구,대방동,59_125
서울특별시,동작구,신대방제1동,59_125
서울특별시,동작구,신대방제2동,59_125
서울특별시,관악구,보라매동,59_125
서울특별시,관악구,청림동,59_125
서울특별시,관악구,성현동,59_125
서울특별시,관악구,행운동,59_125
서울특별시,관악구,낙성대동,60_125
서울특별시,관악구,청룡동,59_125
서울특별시,관악구,은천동,59_125
서울특별시,관악구,중앙동,59_125
서울특별시,관악구,인헌동,59_125
서울특별시,관악구,남현동,60_125
서울특별시,관악구,서원동,59_125
서울특별시,관악구,신원동,59_125
서울특별시,관악구,서림동,59_125
서울특별시,관악구,신사동,59_125
서울특별시,관악구,신림동,59_125
서울특별시,관악구,난향동,59_124
서울특별시,관악구,조원동,59_125
서울특별시,관악구,대학동,59_125
서울특별시,관악구,삼성동,59_125
서울특별시,관악구,미성동,59_125
서울특별시,관악구,난곡동,59_125
서울특별시,서초구,서초1동,61_125
서울특별시,서초구,서초2동,61_125
서울특별시,서초구,서초3동,60_125
서울특별시,서초구,서초4동,61_125
서울특별시,서초구,잠원동,60_126
서울특별시,서초구,반포본동,60_125
서울특별시,서초구,반포1동,60_125
서울특별시,서초구,반포2동,60_125
서울특별시,서초구,반포3동,60_125
서울특별시,서초구,반포4동,60_125
서울특별시,서초구,방배본동,60_125
서울특별시,서초구,방배1동,60_125
서울특별시,서초구,방배2동,60_125
서울특별시,서초구,방배3동,60_125
서울특별시,서초구,방배4동,60_125
서울특별시,서초구,양재1동,61_125
서울특별시,서초구,양재2동,61_125
서울특별시,서초구,내곡동,61_124
서울특별시,강남구,신사동,61_126
서울특별시,강남구,논현1동,61_125
서울특별시,강남구,논현2동,61_126
서울특별시,강남구,압구정동,61_126
서울특별시,강남구,청담동,61_126
서울특별시,강남구,삼성1동,61_125
서울특별시,강남구,삼성2동,61_125
서울특별시,강남구,대치1동,61_125
서울특별시,강남구,대치2동,61_125
서울특별시,강남구,대치4동,61_125
서울특별시,강남구,역삼1동,61_125
서울특별시,강남구,역삼2동,61_125
서울특별시,강남구,도곡1동,61_125
서울특별시,강남구,도곡2동,61_125
서울특별시,강남구,개포1동,61_125
서울특별시,강남구,개포2동,62_125
서울특별시,강남구,개포4동,61_125
서울특별시,강남구,세곡동,62_125
서울특별시,강남구,일원본동,62_125
서울특별시,강남구,일원1동,62_125
서울특별시,강남구,일원2동,62_125
서울특별시,강남구,수서동,62_125
서울특별시,송파구,풍납1동,62_126
서울특별시,송파구,풍납2동,62_126
서울특별시,송파구,거여1동,63_125
서울특별시,송파구,거여2동,63_125
서울특별시,송파구,마천1동,63_125
서울특별시,송파구,마천2동,63_125
서울특별시,송파구,방이1동,62_125
서울특별시,송파구,방이2동,62_126
서울특별시,송파구,오륜동,63_126
서울특별시,송파구,오금동,62_125
서울특별시,송파구,송파1동,62_125
서울특별시,송파구,송파2동,62_125
서울특별시,송파구,석촌동,62_125
서울특별시,송파구,삼전동,62_125
서울특별시,송파구,가락본동,62_125
서울특별시,송파구,가락1동,62_125
서울특별시,송파구,가락2동,62_125
서울특별시,송파구,문정1동,62_125
서울특별시,송파구,문정2동,62_125
서울특별시,송파구,장지동,63_125
서울특별시,송파구,위례동,63_125
서울특별시,송파구,잠실본동,62_125
서울특별시,송파구,잠실2동,62_126
서울특별시,송파구,잠실3동,62_125
서울특별시,송파구,잠실4동,62_126
서울특별시,송파구,잠실6동,62_126
서울특별시,송파구,잠실7동,62_125
서울특별시,강동구,강일동,63_127
서울특별시,강동구,상일제1동,63_126
서울특별시,강동구,상일제2동,63_126
서울특별시,강동구,명일제1동,63_126
서울특별시,강동구,명일제2동,63_126
서울특별시,강동구,고덕제1동,63_127
서울특별시,강동구,고덕제2동,63_127
서울특별시,강동구,암사제1동,63_126
서울특별시,강동구,암사제2동,62_126
서울특별시,강동구,암사제3동,63_126
서울특별시,강동구,천호제1동,63_126
서울특별시,강동구,천호제2동,62_126
서울특별시,강동구,천호제3동,62_126
서울특별시,강동구,성내제1동,62_126
서울특별시,강동구,성내제2동,62_126
서울특별시,강동구,성내제3동,63_126
서울특별시,강동구,길동,63_126
서울특별시,강동구,둔촌제1동,63_126
서울특별시,강동구,둔촌제2동,63_126
부산광역시,중구,중앙동,97_74
부산광역시,중구,동광동,97_74
부산광역시,중구,대청동,97_74
부산광역시,중구,보수동,97_74
부산광역시,중구,부평동,97_74
부산광역시,중구,광복동,97_74
부산광역시,중구,남포동,97_74
부산광역시,중구,영주제1동,97_74
부산광역시,중구,영주제2동,97_74
부산광역시,서구,동대신제1동,97_74
부산광역시,서구,동대신제2동,97_74
부산광역시,서구,동대신제3동,97_74
부산광역시,서구,서대신제1동,97_74
부산광역시,서구,서대신제3동,97_74
부산광역시,서구,서대신제4동,97_74
부산광역시,서구,부민동,97_74
부산광역시,서구,아미동,97_74
부산광역시,서구,초장동,97_74
부산광역시,서구,충무동,97_74
부산광역시,서구,남부민제1동,97_74
부산광역시,서구,남부민제2동,97_74
부산광역시,서구,암남동,97_73
부산광역시,동구,초량제1동,97_74
부산광역시,동구,초량제2동,97_74
부산광역시,동구,초량제3동,97_74
부산광역시,동구,초량제6동,97_74
부산광역시,동구,수정제1동,97_74
부산광역시,동구,수정제2동,97_75
부산광역시,동구,수정제4동,97_75
부산광역시,동구,수정제5동,97_75
부산광역시,동구,좌천동,98_75
부산광역시,동구,범일제1동,98_75
부산광역시,동구,범일제2동,98_75
부산광역시,동구,범일제5동,98_75
부산광역시,영도구,남항동,97_74
부산광역시,영도구,영선제1동,97_74
부산광역시,영도구,영선제2동,97_74
부산광역시,영도구,신선동,97_74
부산광역시,영도구,봉래제1동,97_74
부산광역시,영도구,봉래제2동,97_74
부산광역시,영도구,청학제1동,98_74
부산광역시,영도구,청학제2동,98_74
부산광역시,영도구,동삼제1동,98_73
부산광역시,영도구,동삼제2동,98_73
부산광역시,영도구,동삼제3동,98_74
부산광역시,부산진구,부전제1동,98_75
부산광역시,부산진구,부전제2동,98_75
부산광역시,부산진구,연지동,97_76
부산광역시,부산진구,초읍동,97_76
부산광역시,부산진구,양정제1동,98_76
부산광역시,부산진구,양정제2동,98_76
부산광역시,부산진구,전포제1동,98_75
부산광역시,부산진구,전포제2동,98_75
부산광역시,부산진구,부암제1동,97_75
부산광역시,부산진구,부암제3동,97_75
부산광역시,부산진구,당감제1동,97_75
부산광역시,부산진구,당감제2동,97_75
부산광역시,부산진구,당감제4동,97_75
부산광역시,부산진구,가야제1동,97_75
부산광역시,부산진구,가야제2동,97_75
부산광역시,부산진구,개금제1동,97_75
부산광역시,부산진구,개금제2동,97_75
부산광역시,부산진구,개금제3동,97_75
부산광역시,부산진구,범천제1동,98_75
부산광역시,부산진구,범천제2동,98_75
부산광역시,동래구,수민동,98_76
부산광역시,동래구,복산동,98_76
부산광역시,동래구,명륜동,98_77
부산광역시,동래구,온천제1동,98_77
부산광역시,동래구,온천제2동,98_76
부산광역시,동래구,온천제3동,98_76
부산광역시,동래구,사직제1동,98_76
부산광역시,동래구,사직제2동,98_76
부산광역시,동래구,사직제3동,98_76
부산광역시,동래구,안락제1동,98_76
부산광역시,동래구,안락제2동,98_76
부산광역시,동래구,명장제1동,98_76
부산광역시,동래구,명장제2동,98_76
부산광역시,남구,대연제1동,98_75
부산광역시,남구,대연제3동,98_75
부산광역시,남구,대연제4동,98_75
부산광역시,남구,대연제5동,98_75
부산광역시,남구,대연제6동,98_75
부산광역시,남구,용호제1동,99_74
부산광역시,남구,용호제2동,99_74
부산광역시,남구,용호제3동,99_74
부산광역시,남구,용호제4동,99_74
부산광역시,남구,용당동,98_74
부산광역시,남구,감만제1동,98_74
부산광역시,남구,감만제2동,98_74
부산광역시,남구,우암동,98_75
부산광역시,남구,문현제1동,98_75
부산광역시,남구,문현제2동,98_75
부산광역시,남구,문현제3동,98_75
부산광역시,남구,문현제4동,98_75
부산광역시,북구,구포제1동,97_76
부산광역시,북구,구포제2동,96_76
부산광역시,북구,구포제3동,97_76
부산광역시,북구,금곡동,97_77
부산광역시,북구,화명제1동,97_77
부산광역시,북구,화명제2동,97_77
부산광역시,북구,화명제3동,97_77
부산광역시,북구,덕천제1동,97_76
부산광역시,북구,덕천제2동,97_76
부산광역시,북구,덕천제3동,97_76
부산광역시,북구,만덕제1동,97_76
부산광역시,북구,만덕제2동,97_76
부산광역시,북구,만덕제3동,97_76
부산광역시,해운대구,우제1동,99_75
부산광역시,해운대구,우제2동,99_76
부산광역시,해운대구,우제3동,99_75
부산광역시,해운대구,중제1동,99_75
부산광역시,해운대구,중제2동,100_75
부산광역시,해운대구,좌제1동,100_76
부산광역시,해운대구,좌제2동,100_76
부산광역시,해운대구,좌제3동,100_76
부산광역시,해운대구,좌제4동,100_76
부산광역시,해운대구,송정동,100_76
부산광역시,해운대구,반여제1동,99_76
부산광역시,해운대구,반여제2동,99_76
부산광역시,해운대구,반여제3동,99_76
부산광역시,해운대구,반여제4동,99_76
부산광역시,해운대구,반송제1동,99_77
부산광역시,해운대구,반송제2동,99_77
부산광역시,해운대구,재송제1동,99_76
부산광역시,해운대구,재송제2동,99_76
부산광역시,사하구,괴정제1동,96_74
부산광역시,사하구,괴정제2동,97_74
부산광역시,사하구,괴정제3동,97_74
부산광역시,사하구,괴정제4동,96_74
부산광역시,사하구,당리동,96_74
부산광역시,사하구,하단제1동,96_74
부산광역시,사하구,하단제2동,96_74
부산광역시,사하구,신평제1동,96_74
부산광역시,사하구,신평제2동,96_74
부산광역시,사하구,장림제1동,96_73
부산광역시,사하구,장림제2동,96_73
부산광역시,사하구,다대제1동,96_73
부산광역시,사하구,다대제2동,96_73
부산광역시,사하구,구평동,96_73
부산광역시,사하구,감천제1동,97_74
부산광역시,사하구,감천제2동,97_74
부산광역시,금정구,서제1동,98_77
부산광역시,금정구,서제2동,98_76
부산광역시,금정구,서제3동,98_76
부산광역시,금정구,금사회동동,98_77
부산광역시,금정구,부곡제1동,98_77
부산광역시,금정구,부곡제2동,98_77
부산광역시,금정구,부곡제3동,98_77
부산광역시,금정구,부곡제4동,98_77
부산광역시,금정구,장전제1동,98_77
부산광역시,금정구,장전제2동,98_77
부산광역시,금정구,선두구동,98_78
부산광역시,금정구,청룡노포동,98_78
부산광역시,금정구,남산동,98_78
부산광역시,금정구,구서제1동,98_77
부산광역시,금정구,구서제2동,98_77
부산광역시,금정구,금성동,97_77
부산광역시,강서구,대저1동,96_76
부산광역시,강서구,대저2동,96_76
부산광역시,강서구,강동동,95_76
부산광역시,강서구,명지1동,95_74
부산광역시,강서구,명지2동,95_74
부산광역시,강서구,가락동,95_76
부산광역시,강서구,녹산동,94_74
부산광역시,강서구,가덕도동,93_73
부산광역시,연제구,거제제1동,98_76
부산광역시,연제구,거제제2동,98_76
부산광역시,연제구,거제제3동,98_76
부산광역시,연제구,거제제4동,98_76
부산광역시,연제구,연산제1동,98_76
부산광역시,연제구,연산제2동,98_76
부산광역시,연제구,연산제3동,98_76
부산광역시,연제구,연산제4동,98_76
부산광역시,연제구,연산제5동,98_76
부산광역시,연제구,연산제6동,98_76
부산광역시,연제구,연산제8동,98_76
부산광역시,연제구,연산제9동,98_76
부산광역시,수영구,남천제1동,99_75
부산광역시,수영구,남천제2동,99_75
부산광역시,수영구,수영동,99_76
부산광역시,수영구,망미제1동,98_76
부산광역시,수영구,망미제2동,99_76
부산광역시,수영구,광안제1동,99_75
부산광역시,수영구,광안제2동,99_75
부산광역시,수영구,광안제3동,99_75
부산광역시,수영구,광안제4동,99_75
부산광역시,수영구,민락동,99_75
부산광역시,사상구,삼락동,96_76
부산광역시,사상구,모라제1동,96_76
부산광역시,사상구,모라제3동,96_76
부산광역시,사상구,덕포제1동,96_75
부산광역시,사상구,덕포제2동,96_76
부산광역시,사상구,괘법동,96_75
부산광역시,사상구,감전동,96_75
부산광역시,사상구,주례제1동,97_75
부산광역시,사상구,주례제2동,97_75
부산광역시,사상구,주례제3동,97_75
부산광역시,사상구,학장동,96_75
부산광역시,사상구,엄궁동,96_75
부산광역시,기장군,기장읍,100_77
부산광역시,기장군,장안읍,101_79
부산광역시,기장군,정관읍,100_79
부산광역시,기장군,일광면,101_78
부산광역시,기장군,철마면,99_78
대구광역시,중구,동인동,89_91
대구광역시,중구,삼덕동,89_90
대구광역시,중구,성내1동,89_90
대구광역시,중구,성내2동,89_90
대구광역시,중구,성내3동,89_90
대구광역시,중구,대신동,89_90
대구광역시,중구,남산1동,89_90
대구광역시,중구,남산2동,89_90
대구광역시,중구,남산3동,89_90
대구광역시,중구,남산4동,89_90
대구광역시,중구,대봉1동,89_90
대구광역시,중구,대봉2동,89_90
대구광역시,동구,신암1동,89_91
대구광역시,동구,신암2동,89_91
대구광역시,동구,신암3동,89_91
대구광역시,동구,신암4동,89_91
대구광역시,동구,신암5동,89_91
대구광역시,동구,신천1.2동,89_90
대구광역시,동구,신천3동,89_91
대구광역시,동구,신천4동,89_90
대구광역시,동구,효목1동,90_91
대구광역시,동구,효목2동,90_91
대구광역시,동구,도평동,90_91
대구광역시,동구,불로.봉무동,90_91
대구광역시,동구,지저동,90_91
대구광역시,동구,동촌동,90_91
대구광역시,동구,방촌동,90_91
대구광역시,동구,해안동,90_91
대구광역시,동구,안심1동,91_90
대구광역시,동구,안심2동,90_91
대구광역시,동구,안심3동,91_91
대구광역시,동구,안심3.4동,91_90
대구광역시,동구,안심4동,91_91
대구광역시,동구,혁신동,91_91
대구광역시,동구,공산동,90_92
대구광역시,서구,내당1동,88_90
대구광역시,서구,내당2.3동,88_90
대구광역시,서구,내당4동,88_90
대구광역시,서구,비산1동,88_91
대구광역시,서구,비산2.3동,88_91
대구광역시,서구,비산4동,88_90
대구광역시,서구,비산5동,88_91
대구광역시,서구,비산6동,88_91
대구광역시,서구,비산7동,88_91
대구광역시,서구,평리1동,88_91
대구광역시,서구,평리2동,88_90
대구광역시,서구,평리3동,88_91
대구광역시,서구,평리4동,88_90
대구광역시,서구,평리5동,88_90
대구광역시,서구,평리6동,88_91
대구광역시,서구,상중이동,88_90
대구광역시,서구,원대동,88_91
대구광역시,남구,이천동,89_90
대구광역시,남구,봉덕1동,89_90
대구광역시,남구,봉덕2동,89_90
대구광역시,남구,봉덕3동,89_90
대구광역시,남구,대명1동,89_90
대구광역시,남구,대명2동,89_90
대구광역시,남구,대명3동,89_90
대구광역시,남구,대명4동,88_90
대구광역시,남구,대명5동,89_90
대구광역시,남구,대명6동,88_90
대구광역시,남구,대명9동,89_90
대구광역시,남구,대명10동,88_90
대구광역시,남구,대명11동,88_90
대구광역시,북구,고성동,89_91
대구광역시,북구,칠성동,89_91
대구광역시,북구,침산1동,89_91
대구광역시,북구,침산2동,89_91
대구광역시,북구,침산3동,89_91
대구광역시,북구,산격1동,89_91
대구광역시,북구,산격2동,89_91
대구광역시,북구,산격3동,89_91
대구광역시,북구,산격4동,89_91
대구광역시,북구,대현동,89_91
대구광역시,북구,복현1동,89_91
대구광역시,북구,복현2동,89_91
대구광역시,북구,검단동,89_91
대구광역시,북구,무태조야동,89_92
대구광역시,북구,관문동,88_91
대구광역시,북구,태전1동,88_92
대구광역시,북구,태전2동,88_92
대구광역시,북구,구암동,88_92
대구광역시,북구,관음동,88_92
대구광역시,북구,읍내동,88_92
대구광역시,북구,동천동,88_92
대구광역시,북구,노원동,89_91
대구광역시,북구,국우동,88_92
대구광역시,수성구,범어1동,89_90
대구광역시,수성구,범어2동,89_90
대구광역시,수성구,범어3동,89_90
대구광역시,수성구,범어4동,90_90
대구광역시,수성구,만촌1동,90_91
대구광역시,수성구,만촌2동,90_90
대구광역시,수성구,만촌3동,90_90
대구광역시,수성구,수성1가동,89_90
대구광역시,수성구,수성2.3가동,89_90
대구광역시,수성구,수성4가동,89_90
대구광역시,수성구,황금1동,90_90
대구광역시,수성구,황금2동,89_90
대구광역시,수성구,중동,89_90
대구광역시,수성구,상동,89_90
대구광역시,수성구,파동,89_89
대구광역시,수성구,두산동,89_90
대구광역시,수성구,지산1동,90_89
대구광역시,수성구,지산2동,89_89
대구광역시,수성구,범물1동,90_89
대구광역시,수성구,범물2동,90_89
대구광역시,수성구,고산1동,91_90
대구광역시,수성구,고산2동,91_90
대구광역시,수성구,고산3동,91_90
대구광역시,달서구,성당동,88_90
대구광역시,달서구,두류1.2동,89_90
대구광역시,달서구,두류3동,88_90
대구광역시,달서구,감삼동,88_90
대구광역시,달서구,죽전동,88_90
대구광역시,달서구,장기동,88_90
대구광역시,달서구,용산1동,88_90
대구광역시,달서구,용산2동,88_90
대구광역시,달서구,유천동,87_89
대구광역시,달서구,이곡1동,87_90
대구광역시,달서구,이곡2동,87_90
대구광역시,달서구,신당동,87_90
대구광역시,달서구,본리동,88_90
대구광역시,달서구,월성1동,88_89
대구광역시,달서구,월성2동,88_90
대구광역시,달서구,진천동,88_89
대구광역시,달서구,상인1동,88_89
대구광역시,달서구,상인2동,88_89
대구광역시,달서구,상인3동,88_89
대구광역시,달서구,도원동,88_89
대구광역시,달서구,송현1동,88_90
대구광역시,달서구,송현2동,88_90
대구광역시,달서구,본동,88_90
대구광역시,달성군,화원읍,87_89
대구광역시,달성군,논공읍,86_88
대구광역시,달성군,다사읍,86_90
대구광역시,달성군,유가읍,87_87
대구광역시,달성군,옥포읍,87_89
대구광역시,달성군,현풍읍,86_87
대구광역시,달성군,가창면,89_89
대구광역시,달성군,하빈면,86_91
대구광역시,달성군,구지면,86_86
인천광역시,중구,연안동,53_124
인천광역시,중구,신포동,54_125
인천광역시,중구,신흥동,54_124
인천광역시,중구,도원동,54_124
인천광역시,중구,율목동,54_124
인천광역시,중구,동인천동,54_125
인천광역시,중구,개항동,54_125
인천광역시,중구,영종동,52_125
인천광역시,중구,영종1동,53_125
인천광역시,중구,영종2동,53_125
인천광역시,중구,운서동,51_125
인천광역시,중구,용유동,50_124
인천광역시,동구,만석동,54_125
인천광역시,동구,화수1.화평동,54_125
인천광역시,동구,화수2동,54_125
인천광역시,동구,송현1.2동,54_125
인천광역시,동구,송현3동,54_125
인천광역시,동구,송림1동,54_125
인천광역시,동구,송림2동,54_125
인천광역시,동구,송림3.5동,54_125
인천광역시,동구,송림4동,54_125
인천광역시,동구,송림6동,54_125
인천광역시,동구,금창동,54_125
인천광역시,미추홀구,숭의2동,54_124
인천광역시,미추홀구,숭의1.3동,54_125
인천광역시,미추홀구,숭의4동,54_124
인천광역시,미추홀구,용현1.4동,54_124
인천광역시,미추홀구,용현2동,54_124
인천광역시,미추홀구,용현3동,54_124
인천광역시,미추홀구,용현5동,54_124
인천광역시,미추홀구,학익1동,54_124
인천광역시,미추홀구,학익2동,55_124
인천광역시,미추홀구,도화1동,55_124
인천광역시,미추홀구,도화2.3동,54_125
인천광역시,미추홀구,주안1동,55_124
인천광역시,미추홀구,주안2동,55_124
인천광역시,미추홀구,주안3동,55_124
인천광역시,미추홀구,주안4동,55_124
인천광역시,미추홀구,주안5동,55_124
인천광역시,미추홀구,주안6동,55_124
인천광역시,미추홀구,주안7동,55_124
인천광역시,미추홀구,주안8동,55_124
인천광역시,미추홀구,관교동,55_124
인천광역시,미추홀구,문학동,55_124
인천광역시,연수구,옥련1동,54_124
인천광역시,연수구,옥련2동,54_124
인천광역시,연수구,선학동,55_123
인천광역시,연수구,연수1동,55_123
인천광역시,연수구,연수2동,55_123
인천광역시,연수구,연수3동,55_123
인천광역시,연수구,청학동,55_124
인천광역시,연수구,동춘1동,55_123
인천광역시,연수구,동춘2동,55_123
인천광역시,연수구,동춘3동,55_123
인천광역시,연수구,송도1동,54_123
인천광역시,연수구,송도2동,54_123
인천광역시,연수구,송도3동,54_123
인천광역시,연수구,송도4동,54_123
인천광역시,연수구,송도5동,54_123
인천광역시,남동구,구월1동,55_124
인천광역시,남동구,구월2동,55_124
인천광역시,남동구,구월3동,55_124
인천광역시,남동구,구월4동,56_124
인천광역시,남동구,간석1동,55_124
인천광역시,남동구,간석2동,55_124
인천광역시,남동구,간석3동,55_124
인천광역시,남동구,간석4동,55_124
인천광역시,남동구,만수1동,56_124
인천광역시,남동구,만수2동,56_124
인천광역시,남동구,만수3동,55_124
인천광역시,남동구,만수4동,56_124
인천광역시,남동구,만수5동,56_124
인천광역시,남동구,만수6동,56_124
인천광역시,남동구,장수서창동,56_124
인천광역시,남동구,서창2동,56_124
인천광역시,남동구,남촌도림동,55_124
인천광역시,남동구,논현1동,56_123
인천광역시,남동구,논현2동,55_123
인천광역시,남동구,논현고잔동,55_123
인천광역시,부평구,부평1동,55_125
인천광역시,부평구,부평2동,55_125
인천광역시,부평구,부평3동,55_125
인천광역시,부평구,부평4동,56_125
인천광역시,부평구,부평5동,56_125
인천광역시,부평구,부평6동,56_125
인천광역시,부평구,산곡1동,55_125
인천광역시,부평구,산곡2동,55_125
인천광역시,부평구,산곡3동,55_125
인천광역시,부평구,산곡4동,55_125
인천광역시,부평구,청천1동,55_126
인천광역시,부평구,청천2동,55_125
인천광역시,부평구,갈산1동,56_126
인천광역시,부평구,갈산2동,56_125
인천광역시,부평구,삼산1동,56_126
인천광역시,부평구,삼산2동,56_125
인천광역시,부평구,부개1동,56_125
인천광역시,부평구,부개2동,56_125
인천광역시,부평구,부개3동,56_125
인천광역시,부평구,일신동,56_125
인천광역시,부평구,십정1동,55_125
인천광역시,부평구,십정2동,55_125
인천광역시,계양구,효성1동,55_126
인천광역시,계양구,효성2동,55_126
인천광역시,계양구,계산1동,55_126
인천광역시,계양구,계산2동,56_126
인천광역시,계양구,계산3동,56_126
인천광역시,계양구,계산4동,56_126
인천광역시,계양구,작전1동,56_126
인천광역시,계양구,작전2동,55_126
인천광역시,계양구,작전서운동,56_126
인천광역시,계양구,계양1동,56_127
인천광역시,계양구,계양2동,56_126
인천광역시,계양구,계양3동,56_127
인천광역시,서구,검암경서동,55_127
인천광역시,서구,연희동,55_126
인천광역시,서구,청라1동,54_126
인천광역시,서구,청라2동,54_126
인천광역시,서구,청라3동,54_126
인천광역시,서구,가정1동,55_126
인천광역시,서구,가정2동,55_126
인천광역시,서구,가정3동,55_125
인천광역시,서구,석남1동,55_125
인천광역시,서구,석남2동,55_125
인천광역시,서구,석남3동,55_125
인천광역시,서구,신현원창동,55_125
인천광역시,서구,가좌1동,55_125
인천광역시,서구,가좌2동,55_125
인천광역시,서구,가좌3동,55_125
인천광역시,서구,가좌4동,55_125
인천광역시,서구,검단동,54_127
인천광역시,서구,불로대곡동,55_128
인천광역시,서구,원당동,55_127
인천광역시,서구,당하동,55_127
인천광역시,서구,오류왕길동,54_127
인천광역시,서구,마전동,54_127
인천광역시,서구,아라동,55_127
인천광역시,강화군,강화읍,51_131
인천광역시,강화군,선원면,51_130
인천광역시,강화군,불은면,51_129
인천광역시,강화군,길상면,51_128
인천광역시,강화군,화도면,50_128
인천광역시,강화군,양도면,50_129
인천광역시,강화군,내가면,50_130
인천광역시,강화군,하점면,50_131
인천광역시,강화군,양사면,50_132
인천광역시,강화군,송해면,51_131
인천광역시,강화군,교동면,48_131
인천광역시,강화군,삼산면,49_130
인천광역시,강화군,서도면,47_128
인천광역시,옹진군,북도면,50_126
인천광역시,옹진군,백령면,21_135
인천광역시,옹진군,대청면,21_132
인천광역시,옹진군,덕적면,46_119
인천광역시,옹진군,영흥면,51_120
인천광역시,옹진군,자월면,48_120
인천광역시,옹진군,연평면,38_129
광주광역시,동구,충장동,59_74
광주광역시,동구,동명동,60_74
광주광역시,동구,계림1동,59_74
광주광역시,동구,계림2동,60_74
광주광역시,동구,산수1동,60_74
광주광역시,동구,산수2동,60_74
광주광역시,동구,지산1동,60_74
광주광역시,동구,지산2동,60_74
광주광역시,동구,서남동,60_74
광주광역시,동구,학동,60_74
광주광역시,동구,학운동,60_74
광주광역시,동구,지원1동,60_73
광주광역시,동구,지원2동,60_73
광주광역시,서구,양동,59_74
광주광역시,서구,양3동,59_74
광주광역시,서구,농성1동,59_74
광주광역시,서구,농성2동,59_74
광주광역시,서구,광천동,59_74
광주광역시,서구,유덕동,58_74
광주광역시,서구,치평동,58_74
광주광역시,서구,상무1동,59_74
광주광역시,서구,상무2동,58_74
광주광역시,서구,화정1동,59_74
광주광역시,서구,화정2동,59_74
광주광역시,서구,화정3동,59_74
광주광역시,서구,화정4동,59_74
광주광역시,서구,서창동,58_73
광주광역시,서구,금호1동,58_74
광주광역시,서구,금호2동,58_74
광주광역시,서구,풍암동,59_74
광주광역시,서구,동천동,58_75
광주광역시,남구,양림동,59_74
광주광역시,남구,방림1동,59_74
광주광역시,남구,방림2동,59_74
광주광역시,남구,봉선1동,59_74
광주광역시,남구,봉선2동,59_73
광주광역시,남구,사직동,59_74
광주광역시,남구,월산동,59_74
광주광역시,남구,월산4동,59_74
광주광역시,남구,월산5동,59_74
광주광역시,남구,백운1동,59_74
광주광역시,남구,백운2동,59_74
광주광역시,남구,주월1동,59_74
광주광역시,남구,주월2동,59_74
광주광역시,남구,효덕동,59_73
광주광역시,남구,송암동,59_73
광주광역시,남구,대촌동,58_73
광주광역시,남구,진월동,59_73
광주광역시,북구,중흥동,59_75
광주광역시,북구,중흥1동,59_74
광주광역시,북구,중앙동,59_74
광주광역시,북구,임동,59_74
광주광역시,북구,신안동,59_74
광주광역시,북구,용봉동,59_75
광주광역시,북구,운암1동,59_75
광주광역시,북구,운암2동,59_75
광주광역시,북구,운암3동,59_75
광주광역시,북구,동림동,58_75
광주광역시,북구,우산동,59_75
광주광역시,북구,풍향동,60_74
광주광역시,북구,문화동,60_75
광주광역시,북구,문흥1동,59_75
광주광역시,북구,문흥2동,59_75
광주광역시,북구,두암1동,60_75
광주광역시,북구,두암2동,60_75
광주광역시,북구,두암3동,60_74
광주광역시,북구,삼각동,59_75
광주광역시,북구,일곡동,59_75
광주광역시,북구,매곡동,59_75
광주광역시,북구,오치1동,59_75
광주광역시,북구,오치2동,59_75
광주광역시,북구,석곡동,60_75
광주광역시,북구,건국동,59_76
광주광역시,북구,양산동,59_76
광주광역시,북구,신용동,58_75
광주광역시,광산구,송정1동,57_74
광주광역시,광산구,송정2동,57_74
광주광역시,광산구,도산동,57_74
광주광역시,광산구,신흥동,57_74
광주광역시,광산구,어룡동,57_74
광주광역시,광산구,우산동,57_74
광주광역시,광산구,월곡1동,57_75
광주광역시,광산구,월곡2동,57_75
광주광역시,광산구,비아동,58_76
광주광역시,광산구,첨단1동,58_76
광주광역시,광산구,첨단2동,58_76
광주광역시,광산구,신가동,58_75
광주광역시,광산구,운남동,58_75
광주광역시,광산구,수완동,58_75
광주광역시,광산구,하남동,57_75
광주광역시,광산구,임곡동,56_76
광주광역시,광산구,동곡동,57_73
광주광역시,광산구,평동,57_73
광주광역시,광산구,삼도동,55_74
광주광역시,광산구,본량동,56_75
광주광역시,광산구,신창동,58_75
대전광역시,동구,중앙동,68_100
대전광역시,동구,효동,68_100
대전광역시,동구,신인동,68_100
대전광역시,동구,판암1동,69_100
대전광역시,동구,판암2동,69_100
대전광역시,동구,용운동,69_100
대전광역시,동구,대동,68_100
대전광역시,동구,자양동,68_100
대전광역시,동구,가양1동,68_100
대전광역시,동구,가양2동,68_100
대전광역시,동구,용전동,68_101
대전광역시,동구,성남동,68_100
대전광역시,동구,홍도동,68_100
대전광역시,동구,삼성동,68_100
대전광역시,동구,대청동,69_100
대전광역시,동구,산내동,69_99
대전광역시,중구,은행선화동,68_100
대전광역시,중구,목동,68_100
대전광역시,중구,중촌동,68_100
대전광역시,중구,대흥동,68_100
대전광역시,중구,문창동,68_100
대전광역시,중구,석교동,68_99
대전광역시,중구,대사동,68_100
대전광역시,중구,부사동,68_100
대전광역시,중구,용두동,68_100
대전광역시,중구,오류동,68_100
대전광역시,중구,태평1동,68_100
대전광역시,중구,태평2동,67_100
대전광역시,중구,유천1동,67_100
대전광역시,중구,유천2동,68_100
대전광역시,중구,문화1동,68_100
대전광역시,중구,문화2동,68_99
대전광역시,중구,산성동,67_99
대전광역시,서구,복수동,67_99
대전광역시,서구,도마1동,67_100
대전광역시,서구,도마2동,67_100
대전광역시,서구,정림동,67_99
대전광역시,서구,변동,67_100
대전광역시,서구,용문동,67_100
대전광역시,서구,탄방동,67_100
대전광역시,서구,괴정동,67_100
대전광역시,서구,가장동,67_100
대전광역시,서구,내동,67_100
대전광역시,서구,갈마1동,67_100
대전광역시,서구,갈마2동,67_100
대전광역시,서구,월평1동,67_100
대전광역시,서구,월평2동,67_101
대전광역시,서구,월평3동,67_101
대전광역시,서구,가수원동,67_99
대전광역시,서구,관저1동,66_99
대전광역시,서구,관저2동,66_99
대전광역시,서구,기성동,67_98
대전광역시,서구,둔산1동,67_100
대전광역시,서구,둔산2동,67_100
대전광역시,서구,만년동,67_101
대전광역시,서구,둔산3동,68_101
대전광역시,유성구,진잠동,66_99
대전광역시,유성구,온천1동,66_100
대전광역시,유성구,온천2동,66_101
대전광역시,유성구,노은1동,66_101
대전광역시,유성구,노은2동,66_101
대전광역시,유성구,노은3동,66_101
대전광역시,유성구,신성동,67_101
대전광역시,유성구,전민동,68_101
대전광역시,유성구,구즉동,67_102
대전광역시,유성구,관평동,68_101
대전광역시,유성구,원신흥동,67_100
대전광역시,대덕구,오정동,68_100
대전광역시,대덕구,대화동,68_101
대전광역시,대덕구,회덕동,68_101
대전광역시,대덕구,비래동,68_100
대전광역시,대덕구,송촌동,68_101
대전광역시,대덕구,중리동,68_101
대전광역시,대덕구,신탄진동,68_103
대전광역시,대덕구,석봉동,68_102
대전광역시,대덕구,덕암동,68_102
대전광역시,대덕구,목상동,68_102
대전광역시,대덕구,법1동,68_101
대전광역시,대덕구,법2동,68_101
울산광역시,중구,학성동,102_84
울산광역시,중구,반구1동,102_84
울산광역시,중구,반구2동,102_84
울산광역시,중구,복산동,102_84
울산광역시,중구,중앙동,102_84
울산광역시,중구,우정동,102_84
울산광역시,중구,태화동,102_84
울산광역시,중구,다운동,101_84
울산광역시,중구,병영1동,102_84
울산광역시,중구,병영2동,102_85
울산광역시,중구,약사동,102_84
울산광역시,중구,성안동,102_85
울산광역시,남구,신정1동,102_84
울산광역시,남구,신정2동,102_84
울산광역시,남구,신정3동,102_84
울산광역시,남구,신정4동,102_83
울산광역시,남구,신정5동,102_84
울산광역시,남구,달동,102_84
울산광역시,남구,삼산동,102_84
울산광역시,남구,삼호동,101_84
울산광역시,남구,무거동,101_84
울산광역시,남구,옥동,101_84
울산광역시,남구,대현동,102_83
울산광역시,남구,수암동,102_83
울산광역시,남구,선암동,102_83
울산광역시,남구,야음장생포동,102_83
울산광역시,동구,방어동,104_83
울산광역시,동구,일산동,104_83
울산광역시,동구,화정동,104_83
울산광역시,동구,대송동,104_83
울산광역시,동구,전하1동,104_83
울산광역시,동구,전하2동,104_83
울산광역시,동구,남목1동,104_84
울산광역시,동구,남목2동,104_83
울산광역시,동구,남목3동,104_84
울산광역시,북구,농소1동,102_86
울산광역시,북구,농소2동,102_86
울산광역시,북구,농소3동,102_86
울산광역시,북구,강동동,104_85
울산광역시,북구,효문동,103_85
울산광역시,북구,송정동,103_85
울산광역시,북구,양정동,103_84
울산광역시,북구,염포동,103_83
울산광역시,울주군,온산읍,102_81
울산광역시,울주군,언양읍,98_84
울산광역시,울주군,온양읍,101_81
울산광역시,울주군,범서읍,100_84
울산광역시,울주군,청량읍,102_83
울산광역시,울주군,삼남읍,98_84
울산광역시,울주군,서생면,102_80
울산광역시,울주군,웅촌면,100_82
울산광역시,울주군,두동면,100_86
울산광역시,울주군,두서면,99_86
울산광역시,울주군,상북면,98_85
울산광역시,울주군,삼동면,99_83
세종특별자치시,세종특별자치시,조치원읍,66_106
세종특별자치시,세종특별자치시,연기면,65_105
세종특별자치시,세종특별자치시,연동면,66_105
세종특별자치시,세종특별자치시,부강면,67_104
세종특별자치시,세종특별자치시,금남면,65_103
세종특별자치시,세종특별자치시,장군면,64_104
세종특별자치시,세종특별자치시,연서면,65_106
세종특별자치시,세종특별자치시,전의면,64_108
세종특별자치시,세종특별자치시,전동면,65_107
세종특별자치시,세종특별자치시,소정면,63_108
세종특별자치시,세종특별자치시,한솔동,65_103
세종특별자치시,세종특별자치시,새롬동,65_103
세종특별자치시,세종특별자치시,도담동,65_104
세종특별자치시,세종특별자치시,아름동,65_104
세종특별자치시,세종특별자치시,종촌동,65_104
세종특별자치시,세종특별자치시,고운동,65_104
세종특별자치시,세종특별자치시,소담동,66_103
세종특별자치시,세종특별자치시,보람동,66_103
세종특별자치시,세종특별자치시,대평동,65_103
세종특별자치시,세종특별자치시,다정동,65_104
세종특별자치시,세종특별자치시,해밀동,63_120
경기도,수원시장안구,파장동,60_121
경기도,수원시장안구,율천동,60_121
경기도,수원시장안구,정자1동,60_121
경기도,수원시장안구,정자2동,60_121
경기도,수원시장안구,정자3동,60_121
경기도,수원시장안구,영화동,61_121
경기도,수원시장안구,송죽동,60_121
경기도,수원시장안구,조원1동,61_121
경기도,수원시장안구,조원2동,60_121
경기도,수원시장안구,연무동,61_121
경기도,수원시권선구,세류1동,60_120
경기도,수원시권선구,세류2동,61_120
경기도,수원시권선구,세류3동,61_120
경기도,수원시권선구,평동,60_120
경기도,수원시권선구,서둔동,60_120
경기도,수원시권선구,구운동,60_120
경기도,수원시권선구,금곡동,59_120
경기도,수원시권선구,호매실동,60_120
경기도,수원시권선구,권선1동,61_120
경기도,수원시권선구,권선2동,61_120
경기도,수원시권선구,곡선동,61_120
경기도,수원시권선구,입북동,60_121
경기도,수원시팔달구,매교동,61_120
경기도,수원시팔달구,매산동,60_120
경기도,수원시팔달구,고등동,60_120
경기도,수원시팔달구,화서1동,60_120
경기도,수원시팔달구,화서2동,60_121
경기도,수원시팔달구,지동,61_120
경기도,수원시팔달구,우만1동,61_121
경기도,수원시팔달구,우만2동,61_120
경기도,수원시팔달구,인계동,61_120
경기도,수원시팔달구,행궁동,61_121
경기도,수원시영통구,매탄1동,61_120
경기도,수원시영통구,매탄2동,61_120
경기도,수원시영통구,매탄3동,61_120
경기도,수원시영통구,매탄4동,61_120
경기도,수원시영통구,원천동,61_120
경기도,수원시영통구,영통1동,62_120
경기도,수원시영통구,영통2동,61_120
경기도,수원시영통구,영통3동,62_120
경기도,수원시영통구,망포1동,61_120
경기도,수원시영통구,망포2동,61_120
경기도,수원시영통구,광교1동,61_121
경기도,수원시영통구,광교2동,62_121
경기도,성남시수정구,신흥1동,63_124
경기도,성남시수정구,신흥2동,63_124
경기도,성남시수정구,신흥3동,63_124
경기도,성남시수정구,태평1동,62_124
경기도,성남시수정구,태평2동,63_124
경기도,성남시수정구,태평3동,63_124
경기도,성남시수정구,태평4동,63_124
경기도,성남시수정구,수진1동,63_124
경기도,성남시수정구,수진2동,62_124
경기도,성남시수정구,단대동,63_124
경기도,성남시수정구,산성동,63_124
경기도,성남시수정구,양지동,63_124
경기도,성남시수정구,복정동,62_124
경기도,성남시수정구,위례동,63_125
경기도,성남시수정구,신촌동,62_124
경기도,성남시수정구,고등동,62_124
경기도,성남시수정구,시흥동,62_124
경기도,성남시중원구,성남동,63_124
경기도,성남시중원구,중앙동,63_124
경기도,성남시중원구,금광1동,63_124
경기도,성남시중원구,금광2동,63_124
경기도,성남시중원구,은행1동,63_124
경기도,성남시중원구,은행2동,63_124
경기도,성남시중원구,상대원1동,63_124
경기도,성남시중원구,상대원2동,63_124
경기도,성남시중원구,상대원3동,63_124
경기도,성남시중원구,하대원동,63_124
경기도,성남시중원구,도촌동,63_123
경기도,성남시분당구,분당동,63_122
경기도,성남시분당구,수내1동,62_123
경기도,성남시분당구,수내2동,62_122
경기도,성남시분당구,수내3동,62_122
경기도,성남시분당구,정자동,62_122
경기도,성남시분당구,정자1동,62_122
경기도,성남시분당구,정자2동,62_122
경기도,성남시분당구,정자3동,62_122
경기도,성남시분당구,서현1동,62_123
경기도,성남시분당구,서현2동,63_123
경기도,성남시분당구,이매1동,62_123
경기도,성남시분당구,이매2동,62_123
경기도,성남시분당구,야탑1동,63_123
경기도,성남시분당구,야탑2동,62_123
경기도,성남시분당구,야탑3동,63_123
경기도,성남시분당구,판교동,62_123
경기도,성남시분당구,삼평동,62_123
경기도,성남시분당구,백현동,62_123
경기도,성남시분당구,금곡동,62_122
경기도,성남시분당구,구미1동,62_122
경기도,성남시분당구,구미동,62_122
경기도,성남시분당구,운중동,62_123
경기도,의정부시,의정부1동,61_131
경기도,의정부시,의정부2동,61_130
경기도,의정부시,호원1동,61_130
경기도,의정부시,호원2동,61_130
경기도,의정부시,장암동,61_130
경기도,의정부시,신곡1동,61_130
경기도,의정부시,신곡2동,61_131
경기도,의정부시,송산1동,62_130
경기도,의정부시,송산2동,62_130
경기도,의정부시,송산3동,62_131
경기도,의정부시,자금동,61_131
경기도,의정부시,가능동,61_131
경기도,의정부시,흥선동,61_131
경기도,의정부시,녹양동,61_131
경기도,의정부시,고산동,62_130
경기도,안양시만안구,안양1동,59_123
경기도,안양시만안구,안양2동,59_123
경기도,안양시만안구,안양3동,59_123
경기도,안양시만안구,안양4동,59_123
경기도,안양시만안구,안양5동,59_123
경기도,안양시만안구,안양6동,59_123
경기도,안양시만안구,안양7동,59_123
경기도,안양시만안구,안양8동,59_123
경기도,안양시만안구,안양9동,59_123
경기도,안양시만안구,석수1동,59_123
경기도,안양시만안구,석수2동,59_123
경기도,안양시만안구,충훈동,58_123
경기도,안양시만안구,박달1동,59_123
경기도,안양시만안구,박달2동,59_123
경기도,안양시동안구,비산1동,59_123
경기도,안양시동안구,비산2동,59_123
경기도,안양시동안구,비산3동,59_123
경기도,안양시동안구,부흥동,59_123
경기도,안양시동안구,달안동,59_123
경기도,안양시동안구,관양동,60_123
경기도,안양시동안구,인덕원동,60_123
경기도,안양시동안구,부림동,60_123
경기도,안양시동안구,평촌동,60_123
경기도,안양시동안구,평안동,60_123
경기도,안양시동안구,귀인동,60_123
경기도,안양시동안구,호계1동,60_122
경기도,안양시동안구,호계2동,59_123
경기도,안양시동안구,호계3동,60_122
경기도,안양시동안구,범계동,59_123
경기도,안양시동안구,신촌동,60_123
경기도,안양시동안구,갈산동,60_123
경기도,부천시원미구,심곡1동,56_125
경기도,부천시원미구,심곡2동,57_125
경기도,부천시원미구,심곡3동,56_125
경기도,부천시원미구,원미1동,57_125
경기도,부천시원미구,원미2동,57_125
경기도,부천시원미구,소사동,57_125
경기도,부천시원미구,역곡1동,57_125
경기도,부천시원미구,역곡2동,57_125
경기도,부천시원미구,충의동,57_125
경기도,부천시원미구,도당동,57_125
경기도,부천시원미구,약대동,56_125
경기도,부천시원미구,중동,56_125
경기도,부천시원미구,중1동,56_125
경기도,부천시원미구,중2동,56_125
경기도,부천시원미구,중3동,56_125
경기도,부천시원미구,중4동,56_125
경기도,부천시원미구,상동,56_125
경기도,부천시원미구,상1동,56_125
경기도,부천시원미구,상2동,56_125
경기도,부천시원미구,상3동,56_125
경기도,부천시원미구,송내2동,57_125
경기도,부천시소사구,심곡본1동,56_125
경기도,부천시소사구,심곡본동,56_125
경기도,부천시소사구,소사본동,57_125
경기도,부천시소사구,소사본1동,57_125
경기도,부천시소사구,범박동,57_125
경기도,부천시소사구,옥길동,57_125
경기도,부천시소사구,괴안동,57_125
경기도,부천시소사구,역곡3동,57_125
경기도,부천시소사구,송내1동,56_125
경기도,부천시소사구,송내2동,56_125
경기도,부천시오정구,성곡동,56_126
경기도,부천시오정구,원종1동,56_126
경기도,부천시오정구,원종2동,57_126
경기도,부천시오정구,고강본동,57_126
경기도,부천시오정구,고강1동,57_126
경기도,부천시오정구,오정동,57_126
경기도,부천시오정구,신흥동,56_126
경기도,광명시,광명1동,58_125
경기도,광명시,광명2동,58_125
경기도,광명시,광명3동,58_125
경기도,광명시,광명4동,58_125
경기도,광명시,광명5동,58_125
경기도,광명시,광명6동,58_125
경기도,광명시,광명7동,58_125
경기도,광명시,철산1동,58_125
경기도,광명시,철산2동,58_125
경기도,광명시,철산3동,58_125
경기도,광명시,철산4동,58_125
경기도,광명시,하안1동,58_124
경기도,광명시,하안2동,58_124
경기도,광명시,하안3동,58_124
경기도,광명시,하안4동,58_124
경기도,광명시,소하1동,58_124
경기도,광명시,소하2동,58_124
경기도,광명시,학온동,58_123
경기도,평택시,팽성읍,61_114
경기도,평택시,안중읍,59_114
경기도,평택시,포승읍,58_114
경기도,평택시,청북읍,59_115
경기도,평택시,진위면,62_117
경기도,평택시,서탄면,61_117
경기도,평택시,고덕면,61_115
경기도,평택시,오성면,60_115
경기도,평택시,현덕면,59_114
경기도,평택시,중앙동,61_116
경기도,평택시,서정동,61_116
경기도,평택시,송탄동,62_115
경기도,평택시,지산동,61_116
경기도,평택시,송북동,61_116
경기도,평택시,신장1동,61_116
경기도,평택시,신장2동,61_116
경기도,평택시,신평동,62_114
경기도,평택시,원평동,62_114
경기도,평택시,통복동,62_114
경기도,평택시,비전1동,62_114
경기도,평택시,비전2동,62_114
경기도,평택시,용이동,63_114
경기도,평택시,세교동,62_114
경기도,동두천시,생연1동,61_134
경기도,동두천시,생연2동,61_134
경기도,동두천시,중앙동,61_134
경기도,동두천시,보산동,61_134
경기도,동두천시,불현동,61_134
경기도,동두천시,송내동,61_134
경기도,동두천시,소요동,61_135
경기도,동두천시,상패동,61_134
경기도,안산시상록구,일동,58_121
경기도,안산시상록구,이동,58_121
경기도,안산시상록구,사동,58_121
경기도,안산시상록구,사이동,58_121
경기도,안산시상록구,해양동,57_121
경기도,안산시상록구,본오1동,58_121
경기도,안산시상록구,본오2동,58_121
경기도,안산시상록구,본오3동,58_121
경기도,안산시상록구,부곡동,58_122
경기도,안산시상록구,월피동,58_122
경기도,안산시상록구,성포동,58_121
경기도,안산시상록구,반월동,59_121
경기도,안산시상록구,안산동,58_122
경기도,안산시단원구,와동,57_122
경기도,안산시단원구,고잔동,57_122
경기도,안산시단원구,중앙동,57_121
경기도,안산시단원구,호수동,57_121
경기도,안산시단원구,원곡동,57_122
경기도,안산시단원구,백운동,57_122
경기도,안산시단원구,신길동,57_122
경기도,안산시단원구,초지동,57_121
경기도,안산시단원구,선부1동,57_122
경기도,안산시단원구,선부2동,57_122
경기도,안산시단원구,선부3동,57_122
경기도,안산시단원구,대부동,53_120
경기도,고양시덕양구,주교동,57_129
경기도,고양시덕양구,원신동,58_129
경기도,고양시덕양구,흥도동,58_128
경기도,고양시덕양구,성사1동,57_129
경기도,고양시덕양구,성사2동,57_128
경기도,고양시덕양구,효자동,59_128
경기도,고양시덕양구,삼송1동,58_129
경기도,고양시덕양구,삼송2동,58_129
경기도,고양시덕양구,창릉동,58_128
경기도,고양시덕양구,고양동,59_130
경기도,고양시덕양구,관산동,58_129
경기도,고양시덕양구,능곡동,57_128
경기도,고양시덕양구,화정1동,57_128
경기도,고양시덕양구,화정2동,57_128
경기도,고양시덕양구,행주동,57_128
경기도,고양시덕양구,행신1동,57_128
경기도,고양시덕양구,행신2동,57_128
경기도,고양시덕양구,행신3동,57_128
경기도,고양시덕양구,화전동,58_127
경기도,고양시덕양구,대덕동,58_127
경기도,고양시일산동구,식사동,57_129
경기도,고양시일산동구,중산동,56_129
경기도,고양시일산동구,정발산동,56_129
경기도,고양시일산동구,풍산동,57_129
경기도,고양시일산동구,백석1동,57_128
경기도,고양시일산동구,백석2동,57_128
경기도,고양시일산동구,마두1동,57_129
경기도,고양시일산동구,마두2동,56_128
경기도,고양시일산동구,장항1동,56_128
경기도,고양시일산동구,장항2동,56_128
경기도,고양시일산동구,고봉동,57_130
경기도,고양시일산서구,일산1동,56_129
경기도,고양시일산서구,일산2동,56_129
경기도,고양시일산서구,일산3동,56_129
경기도,고양시일산서구,탄현동,56_129
경기도,고양시일산서구,주엽1동,56_129
경기도,고양시일산서구,주엽2동,56_129
경기도,고양시일산서구,대화동,56_129
경기도,고양시일산서구,송포동,56_129
경기도,고양시일산서구,송산동,56_129
경기도,과천시,중앙동,60_124
경기도,과천시,갈현동,60_123
경기도,과천시,별양동,60_124
경기도,과천시,부림동,60_124
경기도,과천시,과천동,60_124
경기도,과천시,문원동,60_124
경기도,구리시,갈매동,62_128
경기도,구리시,동구동,63_128
경기도,구리시,인창동,63_128
경기도,구리시,교문1동,62_127
경기도,구리시,교문2동,63_127
경기도,구리시,수택1동,63_127
경기도,구리시,수택2동,63_127
경기도,구리시,수택3동,63_127
경기도,남양주시,와부읍,64_127
경기도,남양주시,진접읍,63_130
경기도,남양주시,화도읍,65_129
경기도,남양주시,진건읍,63_129
경기도,남양주시,오남읍,64_130
경기도,남양주시,퇴계원읍,63_128
경기도,남양주시,별내면,62_129
경기도,남양주시,수동면,66_130
경기도,남양주시,조안면,65_126
경기도,남양주시,호평동,64_129
경기도,남양주시,평내동,64_128
경기도,남양주시,금곡동,64_128
경기도,남양주시,양정동,63_128
경기도,남양주시,다산1동,63_128
경기도,남양주시,다산2동,63_128
경기도,남양주시,별내동,62_128
경기도,오산시,중앙동,62_118
경기도,오산시,남촌동,61_118
경기도,오산시,대원1동,62_117
경기도,오산시,대원2동,62_117
경기도,오산시,신장1동,61_118
경기도,오산시,신장2동,61_118
경기도,오산시,세마동,61_118
경기도,오산시,초평동,61_117
경기도,오산시,옥정1동,61_117
경기도,오산시,옥저,61_117
경기도,시흥시,대야동,57_124
경기도,시흥시,신천동,57_124
경기도,시흥시,신현동,57_123
경기도,시흥시,은행동,57_124
경기도,시흥시,매화동,57_123
경기도,시흥시,목감동,58_123
경기도,시흥시,군자동,57_122
경기도,시흥시,월곶동,56_123
경기도,시흥시,정왕본동,56_122
경기도,시흥시,정왕1동,56_122
경기도,시흥시,정왕2동,56_122
경기도,시흥시,정왕3동,56_122
경기도,시흥시,정왕4동,56_122
경기도,시흥시,배곧1동,56_122
경기도,시흥시,배곧2동,56_122
경기도,시흥시,과림동,57_124
경기도,시흥시,연성동,57_123
경기도,시흥시,장곡동,57_123
경기도,시흥시,능곡동,57_122
경기도,군포시,군포1동,59_122
경기도,군포시,군포2동,59_122
경기도,군포시,산본1동,59_122
경기도,군포시,산본2동,59_122
경기도,군포시,금정동,59_122
경기도,군포시,재궁동,59_122
경기도,군포시,오금동,59_122
경기도,군포시,수리동,59_122
경기도,군포시,궁내동,59_122
경기도,군포시,대야동,59_122
경기도,군포시,광정동,59_122
경기도,군포시,송부동,59_121
경기도,의왕시,고천동,60_122
경기도,의왕시,부곡동,60_121
경기도,의왕시,오전동,60_122
경기도,의왕시,내손1동,60_123
경기도,의왕시,내손2동,60_123
경기도,의왕시,청계동,60_123
경기도,하남시,천현동,64_126
경기도,하남시,신장1동,64_126
경기도,하남시,신장2동,64_126
경기도,하남시,덕풍1동,64_126
경기도,하남시,덕풍2동,64_126
경기도,하남시,덕풍3동,64_126
경기도,하남시,풍산동,63_126
경기도,하남시,감북동,63_126
경기도,하남시,감일동,63_126
경기도,하남시,위례동,63_125
경기도,하남시,춘궁동,64_126
경기도,하남시,초이동,63_126
경기도,하남시,미사1동,64_127
경기도,하남시,미사2동,63_127
경기도,용인시처인구,포곡읍,64_120
경기도,용인시처인구,모현읍,64_122
경기도,용인시처인구,이동읍,64_117
경기도,용인시처인구,남사읍,63_117
경기도,용인시처인구,원삼면,66_118
경기도,용인시처인구,백암면,67_118
경기도,용인시처인구,양지면,65_120
경기도,용인시처인구,중앙동,64_119
경기도,용인시처인구,역삼동,64_119
경기도,용인시처인구,유림동,64_120
경기도,용인시처인구,동부동,64_119
경기도,용인시처인구,역북동,64_120
경기도,용인시처인구,삼가동,62_122
경기도,용인시기흥구,신갈동,62_120
경기도,용인시기흥구,영덕동,62_120
경기도,용인시기흥구,영덕1동,62_120
경기도,용인시기흥구,영덕2동,62_120
경기도,용인시기흥구,구갈동,63_120
경기도,용인시기흥구,상갈동,62_120
경기도,용인시기흥구,보라동,62_120
경기도,용인시기흥구,기흥동,62_120
경기도,용인시기흥구,서농동,62_120
경기도,용인시기흥구,구성동,62_121
경기도,용인시기흥구,마북동,62_121
경기도,용인시기흥구,동백1동,63_120
경기도,용인시기흥구,동백2동,63_120
경기도,용인시기흥구,동백3동,63_121
경기도,용인시기흥구,동백동,63_120
경기도,용인시기흥구,상하동,63_120
경기도,용인시기흥구,보정동,62_121
경기도,용인시수지구,풍덕천1동,62_121
경기도,용인시수지구,풍덕천2동,62_121
경기도,용인시수지구,신봉동,62_121
경기도,용인시수지구,죽전1동,62_122
경기도,용인시수지구,죽전2동,62_122
경기도,용인시수지구,죽전3동,62_121
경기도,용인시수지구,동천동,62_122
경기도,용인시수지구,상현1동,62_121
경기도,용인시수지구,상현2동,62_121
경기도,용인시수지구,상현3동,65_104
경기도,용인시수지구,성복동,62_121
경기도,파주시,문산읍,56_133
경기도,파주시,파주읍,57_132
경기도,파주시,법원읍,58_133
경기도,파주시,조리읍,57_130
경기도,파주시,월롱면,57_132
경기도,파주시,탄현면,55_132
경기도,파주시,광탄면,58_131
경기도,파주시,파평면,57_134
경기도,파주시,적성면,59_135
경기도,파주시,장단면,55_133
경기도,파주시,금촌1동,56_131
경기도,파주시,금촌2동,56_131
경기도,파주시,금촌3동,56_131
경기도,파주시,교하동,56_131
경기도,파주시,운정1동,56_130
경기도,파주시,운정2동,56_130
경기도,파주시,운정3동,56_130
경기도,이천시,장호원읍,71_117
경기도,이천시,부발읍,69_121
경기도,이천시,신둔면,67_121
경기도,이천시,백사면,69_122
경기도,이천시,호법면,68_119
경기도,이천시,마장면,66_120
경기도,이천시,대월면,69_119
경기도,이천시,모가면,69_118
경기도,이천시,설성면,69_117
경기도,이천시,율면,70_117
경기도,이천시,창전동,68_121
경기도,이천시,증포동,68_121
경기도,이천시,중리동,68_121
경기도,이천시,관고동,68_121
경기도,안성시,공도읍,63_114
경기도,안성시,보개면,65_115
경기도,안성시,금광면,66_114
경기도,안성시,서운면,65_113
경기도,안성시,미양면,64_114
경기도,안성시,대덕면,64_115
경기도,안성시,양성면,64_116
경기도,안성시,원곡면,63_115
경기도,안성시,일죽면,69_116
경기도,안성시,죽산면,68_116
경기도,안성시,삼죽면,67_116
경기도,안성시,고삼면,65_116
경기도,안성시,안성1동,65_115
경기도,안성시,안성2동,65_114
경기도,안성시,안성3동,65_115
경기도,김포시,통진읍,53_129
경기도,김포시,고촌읍,56_127
경기도,김포시,양촌읍,54_129
경기도,김포시,대곶면,53_128
경기도,김포시,월곶면,53_130
경기도,김포시,하성면,54_130
경기도,김포시,김포본동,55_128
경기도,김포시,장기본동,55_128
경기도,김포시,사우동,55_128
경기도,김포시,풍무동,55_127
경기도,김포시,장기동,55_128
경기도,김포시,구래동,54_128
경기도,김포시,마산동,54_128
경기도,김포시,운양동,55_129
경기도,화성시,봉담읍,59_119
경기도,화성시,우정읍,57_116
경기도,화성시,향남읍,59_117
경기도,화성시,남양읍,57_119
경기도,화성시,매송면,59_120
경기도,화성시,비봉면,58_119
경기도,화성시,마도면,56_119
경기도,화성시,송산면,56_119
경기도,화성시,서신면,55_118
경기도,화성시,팔탄면,59_118
경기도,화성시,장안면,57_116
경기도,화성시,양감면,59_116
경기도,화성시,정남면,60_118
경기도,화성시,새솔동,57_121
경기도,화성시,진안동,61_119
경기도,화성시,병점1동,61_119
경기도,화성시,병점2동,61_119
경기도,화성시,반월동,61_119
경기도,화성시,기배동,60_119
경기도,화성시,화산동,61_119
경기도,화성시,동탄1동,62_119
경기도,화성시,동탄2동,62_119
경기도,화성시,동탄3동,61_119
경기도,화성시,동탄4동,62_119
경기도,화성시,동탄5동,62_119
경기도,화성시,동탄6동,62_118
경기도,화성시,동탄7동,62_118
경기도,화성시,동탄8동,62_118
경기도,광주시,오포읍,64_122
경기도,광주시,초월읍,65_123
경기도,광주시,곤지암읍,66_122
경기도,광주시,도척면,66_121
경기도,광주시,퇴촌면,66_125
경기도,광주시,남종면,65_125
경기도,광주시,남한산성면,64_124
경기도,광주시,경안동,65_123
경기도,광주시,송정동,65_124
경기도,광주시,쌍령동,65_123
경기도,광주시,탄벌동,64_124
경기도,광주시,광남1동,64_123
경기도,광주시,광남2동,64_123
경기도,양주시,백석읍,60_132
경기도,양주시,은현면,61_133
경기도,양주시,남면,60_134
경기도,양주시,광적면,60_132
경기도,양주시,장흥면,59_130
경기도,양주시,양주1동,61_131
경기도,양주시,양주2동,62_132
경기도,양주시,회천1동,61_133
경기도,양주시,회천2동,61_132
경기도,양주시,회천3동,61_133
경기도,양주시,회천4동,62_132
경기도,포천시,소흘읍,63_132
경기도,포천시,군내면,64_134
경기도,포천시,내촌면,64_131
경기도,포천시,가산면,63_133
경기도,포천시,신북면,64_135
경기도,포천시,창수면,63_136
경기도,포천시,영중면,64_136
경기도,포천시,일동면,66_135
경기도,포천시,이동면,66_137
경기도,포천시,영북면,65_138
경기도,포천시,관인면,64_140
경기도,포천시,화현면,65_134
경기도,포천시,포천동,64_134
경기도,포천시,선단동,63_133
경기도,여주시,가남읍,70_119
경기도,여주시,점동면,72_119
경기도,여주시,흥천면,70_122
경기도,여주시,금사면,69_123
경기도,여주시,능서면,70_121
경기도,여주시,대신면,70_123
경기도,여주시,북내면,72_122
경기도,여주시,강천면,73_120
경기도,여주시,산북면,68_123
경기도,여주시,여흥동,71_121
경기도,여주시,중앙동,71_121
경기도,여주시,오학동,71_121
경기도,연천군,연천읍,61_138
경기도,연천군,전곡읍,61_137
경기도,연천군,군남면,60_138
경기도,연천군,청산면,61_136
경기도,연천군,백학면,59_137
경기도,연천군,미산면,60_137
경기도,연천군,왕징면,60_137
경기도,연천군,신서면,62_140
경기도,연천군,중면,60_139
경기도,연천군,장남면,58_136
경기도,가평군,가평읍,69_132
경기도,가평군,설악면,69_129
경기도,가평군,청평면,67_131
경기도,가평군,상면,66_132
경기도,가평군,조종면,66_132
경기도,가평군,북면,70_134
경기도,양평군,양평읍,69_125
경기도,양평군,강상면,69_125
경기도,양평군,강하면,67_125
경기도,양평군,양서면,66_126
경기도,양평군,옥천면,68_126
경기도,양평군,서종면,66_128
경기도,양평군,단월면,72_126
경기도,양평군,청운면,72_127
경기도,양평군,양동면,73_124
경기도,양평군,지평면,71_125
경기도,양평군,용문면,70_125
경기도,양평군,개군면,70_124
강원특별자치도,춘천시,신북읍,73_135
강원특별자치도,춘천시,동면,73_134
강원특별자치도,춘천시,동산면,74_131
강원특별자치도,춘천시,신동면,72_132
강원특별자치도,춘천시,남면,70_130
강원특별자치도,춘천시,서면,72_134
강원특별자치도,춘천시,사북면,71_137
강원특별자치도,춘천시,북산면,75_136
강원특별자치도,춘천시,동내면,73_133
강원특별자치도,춘천시,남산면,71_132
강원특별자치도,춘천시,교동,73_134
강원특별자치도,춘천시,조운동,73_134
강원특별자치도,춘천시,약사명동,73_134
강원특별자치도,춘천시,근화동,72_134
강원특별자치도,춘천시,소양동,73_134
강원특별자치도,춘천시,후평1동,73_134
강원특별자치도,춘천시,후평2동,73_134
강원특별자치도,춘천시,후평3동,73_134
강원특별자치도,춘천시,효자1동,73_133
강원특별자치도,춘천시,효자2동,73_133
강원특별자치도,춘천시,효자3동,73_134
강원특별자치도,춘천시,석사동,73_133
강원특별자치도,춘천시,퇴계동,73_133
강원특별자치도,춘천시,강남동,72_133
강원특별자치도,춘천시,신사우동,73_134
강원특별자치도,원주시,문막읍,74_121
강원특별자치도,원주시,소초면,78_124
강원특별자치도,원주시,호저면,76_124
강원특별자치도,원주시,지정면,75_122
강원특별자치도,원주시,부론면,73_119
강원특별자치도,원주시,귀래면,76_118
강원특별자치도,원주시,흥업면,76_121
강원특별자치도,원주시,판부면,78_121
강원특별자치도,원주시,신림면,79_120
강원특별자치도,원주시,중앙동,77_122
강원특별자치도,원주시,원인동,77_122
강원특별자치도,원주시,개운동,77_122
강원특별자치도,원주시,명륜1동,77_122
강원특별자치도,원주시,명륜2동,77_122
강원특별자치도,원주시,단구동,77_122
강원특별자치도,원주시,일산동,77_122
강원특별자치도,원주시,학성동,77_122
강원특별자치도,원주시,단계동,76_122
강원특별자치도,원주시,우산동,76_123
강원특별자치도,원주시,태장1동,77_122
강원특별자치도,원주시,태장2동,77_123
강원특별자치도,원주시,봉산동,77_122
강원특별자치도,원주시,행구동,77_122
강원특별자치도,원주시,무실동,76_122
강원특별자치도,원주시,반곡관설동,77_122
강원특별자치도,강릉시,주문진읍,91_134
강원특별자치도,강릉시,성산면,92_131
강원특별자치도,강릉시,왕산면,92_130
강원특별자치도,강릉시,구정면,92_131
강원특별자치도,강릉시,강동면,94_131
강원특별자치도,강릉시,옥계면,95_129
강원특별자치도,강릉시,사천면,92_133
강원특별자치도,강릉시,연곡면,92_134
강원특별자치도,강릉시,홍제동,92_131
강원특별자치도,강릉시,중앙동,93_132
강원특별자치도,강릉시,옥천동,93_132
강원특별자치도,강릉시,교1동,92_132
강원특별자치도,강릉시,교2동,93_132
강원특별자치도,강릉시,포남1동,93_132
강원특별자치도,강릉시,포남2동,93_132
강원특별자치도,강릉시,초당동,93_132
강원특별자치도,강릉시,송정동,93_132
강원특별자치도,강릉시,내곡동,92_131
강원특별자치도,강릉시,강남동,93_131
강원특별자치도,강릉시,성덕동,93_132
강원특별자치도,강릉시,경포동,92_132
강원특별자치도,동해시,천곡동,97_127
강원특별자치도,동해시,송정동,97_126
강원특별자치도,동해시,북삼동,97_126
강원특별자치도,동해시,부곡동,96_127
강원특별자치도,동해시,동호동,96_127
강원특별자치도,동해시,발한동,96_127
강원특별자치도,동해시,묵호동,97_127
강원특별자치도,동해시,북평동,97_126
강원특별자치도,동해시,망상동,96_127
강원특별자치도,동해시,삼화동,96_126
강원특별자치도,태백시,황지동,95_119
강원특별자치도,태백시,황연동,95_119
강원특별자치도,태백시,삼수동,95_119
강원특별자치도,태백시,상장동,95_119
강원특별자치도,태백시,문곡소도동,94_118
강원특별자치도,태백시,장성동,95_117
강원특별자치도,태백시,구문소동,95_117
강원특별자치도,태백시,철암동,96_118
강원특별자치도,속초시,영랑동,87_141
강원특별자치도,속초시,동명동,87_141
강원특별자치도,속초시,금호동,87_141
강원특별자치도,속초시,교동,87_141
강원특별자치도,속초시,노학동,87_141
강원특별자치도,속초시,조양동,87_141
강원특별자치도,속초시,청호동,87_141
강원특별자치도,속초시,대포동,87_140
강원특별자치도,삼척시,도계읍,96_120
강원특별자치도,삼척시,원덕읍,101_119
강원특별자치도,삼척시,근덕면,99_124
강원특별자치도,삼척시,하장면,94_123
강원특별자치도,삼척시,노곡면,98_123
강원특별자치도,삼척시,미로면,97_124
강원특별자치도,삼척시,가곡면,98_119
강원특별자치도,삼척시,신기면,96_123
강원특별자치도,삼척시,남양동,98_125
강원특별자치도,삼척시,교동,98_125
강원특별자치도,삼척시,정라동,98_125
강원특별자치도,삼척시,성내동,97_125
강원특별자치도,홍천군,홍천읍,75_130
강원특별자치도,홍천군,화촌면,77_131
강원특별자치도,홍천군,두촌면,78_134
강원특별자치도,홍천군,내촌면,79_132
강원특별자치도,홍천군,서석면,81_130
강원특별자치도,홍천군,영귀미면,76_129
강원특별자치도,홍천군,남면,73_128
강원특별자치도,홍천군,서면,72_129
강원특별자치도,홍천군,북방면,75_130
강원특별자치도,홍천군,내면,84_132
강원특별자치도,횡성군,횡성읍,77_125
강원특별자치도,횡성군,우천면,79_125
강원특별자치도,횡성군,안흥면,80_124
강원특별자치도,횡성군,둔내면,81_126
강원특별자치도,횡성군,갑천면,79_127
강원특별자치도,횡성군,청일면,80_127
강원특별자치도,횡성군,공근면,77_126
강원특별자치도,횡성군,서원면,75_125
강원특별자치도,횡성군,강림면,80_123
강원특별자치도,영월군,영월읍,86_119
강원특별자치도,영월군,상동읍,92_118
강원특별자치도,영월군,중동면,89_118
강원특별자치도,영월군,김삿갓면,88_118
강원특별자치도,영월군,북면,85_120
강원특별자치도,영월군,남면,85_119
강원특별자치도,영월군,한반도면,83_120
강원특별자치도,영월군,주천면,82_121
강원특별자치도,영월군,무릉도원면,82_121
강원특별자치도,평창군,평창읍,84_123
강원특별자치도,평창군,미탄면,86_122
강원특별자치도,평창군,방림면,84_124
강원특별자치도,평창군,대화면,85_126
강원특별자치도,평창군,봉평면,84_128
강원특별자치도,평창군,용평면,85_128
강원특별자치도,평창군,진부면,87_129
강원특별자치도,평창군,대관령면,89_130
강원특별자치도,정선군,정선읍,89_123
강원특별자치도,정선군,고한읍,92_120
강원특별자치도,정선군,사북읍,92_120
강원특별자치도,정선군,신동읍,89_120
강원특별자치도,정선군,남면,90_121
강원특별자치도,정선군,북평면,89_125
강원특별자치도,정선군,임계면,92_126
강원특별자치도,정선군,화암면,91_123
강원특별자치도,정선군,여량면,90_125
강원특별자치도,철원군,철원읍,64_141
강원특별자치도,철원군,김화읍,67_142
강원특별자치도,철원군,갈말읍,65_139
강원특별자치도,철원군,동송읍,64_141
강원특별자치도,철원군,서면,67_140
강원특별자치도,철원군,근남면,68_141
강원특별자치도,철원군,근북면,67_143
강원특별자치도,철원군,근동면,69_143
강원특별자치도,철원군,원동면,73_143
강원특별자치도,철원군,원남면,71_143
강원특별자치도,철원군,임남면,75_143
강원특별자치도,화천군,화천읍,72_139
강원특별자치도,화천군,간동면,74_137
강원특별자치도,화천군,하남면,71_138
강원특별자치도,화천군,상서면,71_140
강원특별자치도,화천군,사내면,69_138
강원특별자치도,양구군,양구읍,77_139
강원특별자치도,양구군,국토정중앙면,78_139
강원특별자치도,양구군,동면,78_141
강원특별자치도,양구군,방산면,76_141
강원특별자치도,양구군,해안면,79_143
강원특별자치도,인제군,인제읍,80_138
강원특별자치도,인제군,남면,79_136
강원특별자치도,인제군,북면,81_139
강원특별자치도,인제군,기린면,83_136
강원특별자치도,인제군,서화면,81_141
강원특별자치도,인제군,상남면,82_134
강원특별자치도,고성군,간성읍,85_145
강원특별자치도,고성군,거진읍,85_146
강원특별자치도,고성군,현내면,84_147
강원특별자치도,고성군,죽왕면,86_144
강원특별자치도,고성군,토성면,87_142
강원특별자치도,고성군,수동면,82_146
강원특별자치도,양양군,양양읍,88_138
강원특별자치도,양양군,서면,87_138
강원특별자치도,양양군,손양면,88_138
강원특별자치도,양양군,현북면,89_137
강원특별자치도,양양군,현남면,90_136
강원특별자치도,양양군,강현면,87_140
충청북도,청주시상당구,낭성면,71_106
충청북도,청주시상당구,미원면,72_107
충청북도,청주시상당구,가덕면,70_105
충청북도,청주시상당구,남일면,69_106
충청북도,청주시상당구,문의면,69_104
충청북도,청주시상당구,중앙동,69_107
충청북도,청주시상당구,성안동,69_107
충청북도,청주시상당구,탑대성동,69_107
충청북도,청주시상당구,영운동,69_106
충청북도,청주시상당구,금천동,69_106
충청북도,청주시상당구,용담.명암.산성동,69_107
충청북도,청주시상당구,용암1동,69_106
충청북도,청주시상당구,용암2동,69_106
충청북도,청주시서원구,남이면,68_105
충청북도,청주시서원구,현도면,68_103
충청북도,청주시서원구,사직1동,69_107
충청북도,청주시서원구,사직2동,69_106
충청북도,청주시서원구,사창동,68_107
충청북도,청주시서원구,모충동,69_106
충청북도,청주시서원구,산남동,69_106
충청북도,청주시서원구,분평동,69_106
충청북도,청주시서원구,수곡1동,69_106
충청북도,청주시서원구,수곡2동,69_106
충청북도,청주시서원구,성화.개신.죽림동,68_106
충청북도,청주시흥덕구,오송읍,66_106
충청북도,청주시흥덕구,강내면,67_106
충청북도,청주시흥덕구,옥산면,67_107
충청북도,청주시흥덕구,운천.신봉동,69_107
충청북도,청주시흥덕구,복대1동,68_107
충청북도,청주시흥덕구,복대2동,68_106
충청북도,청주시흥덕구,가경동,68_106
충청북도,청주시흥덕구,봉명1동,68_107
충청북도,청주시흥덕구,봉명2.송정동,68_107
충청북도,청주시흥덕구,강서제1동,68_106
충청북도,청주시흥덕구,강서제2동,68_107
충청북도,청주시청원구,내수읍,70_109
충청북도,청주시청원구,오창읍,68_109
충청북도,청주시청원구,북이면,70_109
충청북도,청주시청원구,우암동,69_107
충청북도,청주시청원구,내덕1동,69_107
충청북도,청주시청원구,내덕2동,69_107
충청북도,청주시청원구,율량.사천동,69_107
충청북도,청주시청원구,오근장동,69_108
충청북도,충주시,주덕읍,74_114
충청북도,충주시,살미면,77_113
충청북도,충주시,수안보면,78_111
충청북도,충주시,대소원면,75_114
충청북도,충주시,신니면,73_114
충청북도,충주시,노은면,73_116
충청북도,충주시,앙성면,73_117
충청북도,충주시,중앙탑면,75_115
충청북도,충주시,금가면,76_116
충청북도,충주시,동량면,77_115
충청북도,충주시,산척면,77_116
충청북도,충주시,엄정면,76_117
충청북도,충주시,소태면,75_117
충청북도,충주시,성내.충인동,77_114
충청북도,충주시,교현.안림동,77_114
충청북도,충주시,교현2동,76_114
충청북도,충주시,용산동,77_114
충청북도,충주시,지현동,77_114
충청북도,충주시,문화동,76_114
충청북도,충주시,호암.직동,77_114
충청북도,충주시,달천동,76_114
충청북도,충주시,봉방동,76_114
충청북도,충주시,칠금.금릉동,76_114
충청북도,충주시,연수동,77_114
충청북도,충주시,목행.용탄동,76_115
충청북도,제천시,봉양읍,80_118
충청북도,제천시,금성면,81_116
충청북도,제천시,청풍면,81_115
충청북도,제천시,수산면,81_113
충청북도,제천시,덕산면,81_113
충청북도,제천시,한수면,79_112
충청북도,제천시,백운면,78_118
충청북도,제천시,송학면,82_119
충청북도,제천시,교동,81_118
충청북도,제천시,의림지동,81_118
충청북도,제천시,중앙동,81_118
충청북도,제천시,남현동,81_118
충청북도,제천시,영서동,81_118
충청북도,제천시,용두동,81_118
충청북도,제천시,신백동,82_118
충청북도,제천시,청전동,81_118
충청북도,제천시,화산동,81_118
충청북도,보은군,보은읍,73_103
충청북도,보은군,속리산면,75_104
충청북도,보은군,장안면,74_103
충청북도,보은군,마로면,75_102
충청북도,보은군,탄부면,74_102
충청북도,보은군,삼승면,73_101
충청북도,보은군,수한면,73_103
충청북도,보은군,회남면,71_102
충청북도,보은군,회인면,71_104
충청북도,보은군,내북면,72_105
충청북도,보은군,산외면,73_105
충청북도,옥천군,옥천읍,71_99
충청북도,옥천군,동이면,71_99
충청북도,옥천군,안남면,72_101
충청북도,옥천군,안내면,72_101
충청북도,옥천군,청성면,74_100
충청북도,옥천군,청산면,74_100
충청북도,옥천군,이원면,71_98
충청북도,옥천군,군서면,70_99
충청북도,옥천군,군북면,70_100
충청북도,영동군,영동읍,74_97
충청북도,영동군,용산면,75_99
충청북도,영동군,황간면,77_98
충청북도,영동군,추풍령면,78_98
충청북도,영동군,매곡면,77_97
충청북도,영동군,상촌면,77_96
충청북도,영동군,양강면,74_96
충청북도,영동군,용화면,74_93
충청북도,영동군,학산면,73_95
충청북도,영동군,양산면,72_95
충청북도,영동군,심천면,73_98
충청북도,증평군,증평읍,71_110
충청북도,증평군,도안면,71_110
충청북도,진천군,진천읍,68_111
충청북도,진천군,덕산읍,69_113
충청북도,진천군,초평면,70_111
충청북도,진천군,문백면,68_110
충청북도,진천군,백곡면,67_112
충청북도,진천군,이월면,68_113
충청북도,진천군,광혜원면,68_114
충청북도,괴산군,괴산읍,74_111
충청북도,괴산군,감물면,76_111
충청북도,괴산군,장연면,77_111
충청북도,괴산군,연풍면,78_110
충청북도,괴산군,칠성면,75_110
충청북도,괴산군,문광면,74_110
충청북도,괴산군,청천면,73_107
충청북도,괴산군,청안면,72_110
충청북도,괴산군,사리면,72_111
충청북도,괴산군,소수면,73_111
충청북도,괴산군,불정면,75_112
충청북도,음성군,음성읍,72_113
충청북도,음성군,금왕읍,71_114
충청북도,음성군,소이면,74_113
충청북도,음성군,원남면,72_112
충청북도,음성군,맹동면,70_113
충청북도,음성군,대소면,69_114
충청북도,음성군,삼성면,69_115
충청북도,음성군,생극면,71_115
충청북도,음성군,감곡면,71_117
충청북도,단양군,단양읍,84_115
충청북도,단양군,매포읍,83_116
충청북도,단양군,대강면,84_113
충청북도,단양군,가곡면,84_115
충청북도,단양군,영춘면,86_117
충청북도,단양군,어상천면,84_117
충청북도,단양군,적성면,83_114
충청북도,단양군,단성면,83_113
충청남도,천안시동남구,목천읍,65_110
충청남도,천안시동남구,풍세면,63_108
충청남도,천안시동남구,광덕면,62_108
충청남도,천안시동남구,북면,65_111
충청남도,천안시동남구,성남면,65_109
충청남도,천안시동남구,수신면,65_109
충청남도,천안시동남구,병천면,66_109
충청남도,천안시동남구,동면,66_110
충청남도,천안시동남구,중앙동,63_110
충청남도,천안시동남구,문성동,63_110
충청남도,천안시동남구,원성1동,63_110
충청남도,천안시동남구,원성2동,63_110
충청남도,천안시동남구,봉명동,63_110
충청남도,천안시동남구,일봉동,63_110
충청남도,천안시동남구,신방동,63_110
충청남도,천안시동남구,청룡동,63_110
충청남도,천안시동남구,신안동,63_110
충청남도,천안시서북구,성환읍,63_113
충청남도,천안시서북구,성거읍,64_112
충청남도,천안시서북구,직산읍,63_112
충청남도,천안시서북구,입장면,64_113
충청남도,천안시서북구,성정1동,63_110
충청남도,천안시서북구,성정2동,63_111
충청남도,천안시서북구,쌍용1동,63_110
충청남도,천안시서북구,쌍용2동,63_110
충청남도,천안시서북구,쌍용3동,63_110
충청남도,천안시서북구,백석동,62_110
충청남도,천안시서북구,불당동,62_110
충청남도,천안시서북구,부성1동,63_111
충청남도,천안시서북구,부성2동,63_111
충청남도,공주시,유구읍,60_105
충청남도,공주시,이인면,62_101
충청남도,공주시,탄천면,61_100
충청남도,공주시,계룡면,63_100
충청남도,공주시,반포면,65_101
충청남도,공주시,의당면,63_104
충청남도,공주시,정안면,63_106
충청남도,공주시,우성면,61_103
충청남도,공주시,사곡면,61_104
충청남도,공주시,신풍면,60_104
충청남도,공주시,중학동,63_102
충청남도,공주시,웅진동,63_103
충청남도,공주시,금학동,63_102
충청남도,공주시,옥룡동,63_103
충청남도,공주시,신관동,63_103
충청남도,공주시,월송동,63_103
충청남도,보령시,웅천읍,54_98
충청남도,보령시,주포면,53_102
충청남도,보령시,오천면,52_102
충청남도,보령시,원산도출장소,51_101
충청남도,보령시,천북면,52_103
충청남도,보령시,청소면,53_102
충청남도,보령시,청라면,55_101
충청남도,보령시,남포면,54_99
충청남도,보령시,주산면,54_97
충청남도,보령시,미산면,55_97
충청남도,보령시,성주면,54_100
충청남도,보령시,주교면,53_101
충청남도,보령시,대천1동,53_100
충청남도,보령시,대천2동,53_100
충청남도,보령시,대천3동,54_100
충청남도,보령시,대천4동,54_100
충청남도,보령시,대천5동,52_99
충청남도,아산시,염치읍,60_110
충청남도,아산시,배방읍,62_110
충청남도,아산시,송악면,61_109
충청남도,아산시,탕정면,61_110
충청남도,아산시,음봉면,61_111
충청남도,아산시,둔포면,61_113
충청남도,아산시,영인면,60_111
충청남도,아산시,인주면,58_111
충청남도,아산시,선장면,58_110
충청남도,아산시,도고면,58_109
충청남도,아산시,신창면,59_110
충청남도,아산시,온양1동,60_110
충청남도,아산시,온양2동,60_110
충청남도,아산시,온양3동,61_110
충청남도,아산시,온양4동,60_110
충청남도,아산시,온양5동,60_109
충청남도,아산시,온양6동,61_109
충청남도,서산시,대산읍,51_113
충청남도,서산시,인지면,50_109
충청남도,서산시,부석면,50_108
충청남도,서산시,팔봉면,49_110
충청남도,서산시,지곡면,51_111
충청남도,서산시,성연면,51_111
충청남도,서산시,음암면,52_110
충청남도,서산시,운산면,53_110
충청남도,서산시,해미면,53_108
충청남도,서산시,고북면,52_107
충청남도,서산시,부춘동,51_110
충청남도,서산시,동문1동,51_110
충청남도,서산시,동문2동,51_110
충청남도,서산시,수석동,51_109
충청남도,서산시,석남동,51_109
충청남도,논산시,강경읍,61_96
충청남도,논산시,연무읍,62_95
충청남도,논산시,성동면,61_97
충청남도,논산시,광석면,62_98
충청남도,논산시,노성면,63_99
충청남도,논산시,상월면,63_99
충청남도,논산시,부적면,63_97
충청남도,논산시,연산면,64_97
충청남도,논산시,벌곡면,65_97
충청남도,논산시,양촌면,65_96
충청남도,논산시,가야곡면,63_96
충청남도,논산시,은진면,62_96
충청남도,논산시,채운면,62_96
충청남도,논산시,취암동,62_97
충청남도,논산시,부창동,62_97
충청남도,계룡시,두마면,65_98
충청남도,계룡시,엄사면,65_99
충청남도,계룡시,신도안면,65_99
충청남도,계룡시,금암동,65_99
충청남도,당진시,합덕읍,56_110
충청남도,당진시,송악읍,55_112
충청남도,당진시,고대면,53_113
충청남도,당진시,석문면,53_114
충청남도,당진시,대호지면,52_112
충청남도,당진시,정미면,53_112
충청남도,당진시,면천면,55_110
충청남도,당진시,순성면,55_111
충청남도,당진시,우강면,57_110
충청남도,당진시,신평면,56_112
충청남도,당진시,송산면,55_113
충청남도,당진시,당진1동,54_112
충청남도,당진시,당진2동,54_112
충청남도,당진시,당진3동,54_112
충청남도,금산군,금산읍,69_95
충청남도,금산군,금성면,69_96
충청남도,금산군,제원면,70_95
충청남도,금산군,부리면,70_94
충청남도,금산군,군북면,70_96
충청남도,금산군,남일면,70_94
충청남도,금산군,남이면,68_94
충청남도,금산군,진산면,67_96
충청남도,금산군,복수면,68_96
충청남도,금산군,추부면,69_97
충청남도,부여군,부여읍,59_99
충청남도,부여군,규암면,59_99
충청남도,부여군,은산면,58_99
충청남도,부여군,외산면,55_99
충청남도,부여군,내산면,57_99
충청남도,부여군,구룡면,57_98
충청남도,부여군,홍산면,56_97
충청남도,부여군,옥산면,56_97
충청남도,부여군,남면,57_97
충청남도,부여군,충화면,57_97
충청남도,부여군,양화면,59_96
충청남도,부여군,임천면,59_97
충청남도,부여군,장암면,59_98
충청남도,부여군,세도면,60_96
충청남도,부여군,석성면,61_98
충청남도,부여군,초촌면,61_98
충청남도,서천군,장항읍,55_93
충청남도,서천군,서천읍,55_94
충청남도,서천군,마서면,55_94
충청남도,서천군,화양면,57_93
충청남도,서천군,기산면,56_94
충청남도,서천군,한산면,57_94
충청남도,서천군,마산면,57_95
충청남도,서천군,시초면,56_95
충청남도,서천군,문산면,56_96
충청남도,서천군,판교면,55_96
충청남도,서천군,종천면,55_95
충청남도,서천군,비인면,54_96
충청남도,서천군,서면,53_96
충청남도,청양군,청양읍,57_102
충청남도,청양군,운곡면,58_104
충청남도,청양군,대치면,58_102
충청남도,청양군,정산면,60_102
충청남도,청양군,목면,61_102
충청남도,청양군,청남면,60_100
충청남도,청양군,장평면,59_100
충청남도,청양군,남양면,57_101
충청남도,청양군,화성면,56_102
충청남도,청양군,비봉면,57_104
충청남도,홍성군,홍성읍,55_106
충청남도,홍성군,광천읍,54_104
충청남도,홍성군,홍북읍,55_107
충청남도,홍성군,금마면,56_106
충청남도,홍성군,홍동면,55_105
충청남도,홍성군,장곡면,55_104
충청남도,홍성군,은하면,53_104
충청남도,홍성군,결성면,53_104
충청남도,홍성군,서부면,52_105
충청남도,홍성군,갈산면,53_106
충청남도,홍성군,구항면,54_105
충청남도,예산군,예산읍,58_107
충청남도,예산군,삽교읍,56_108
충청남도,예산군,대술면,59_107
충청남도,예산군,신양면,58_106
충청남도,예산군,광시면,57_105
충청남도,예산군,대흥면,57_106
충청남도,예산군,응봉면,56_107
충청남도,예산군,덕산면,55_108
충청남도,예산군,봉산면,55_109
충청남도,예산군,고덕면,56_109
충청남도,예산군,신암면,57_109
충청남도,예산군,오가면,57_108
충청남도,태안군,태안읍,48_109
충청남도,태안군,안면읍,49_104
충청남도,태안군,고남면,50_102
충청남도,태안군,남면,48_107
충청남도,태안군,근흥면,47_108
충청남도,태안군,소원면,46_109
충청남도,태안군,원북면,48_110
충청남도,태안군,이원면,48_111
전북특별자치도,전주시완산구,중앙동,63_89
전북특별자치도,전주시완산구,풍남동,63_89
전북특별자치도,전주시완산구,노송동,63_89
전북특별자치도,전주시완산구,완산동,63_88
전북특별자치도,전주시완산구,동서학동,63_89
전북특별자치도,전주시완산구,서서학동,63_88
전북특별자치도,전주시완산구,중화산1동,63_89
전북특별자치도,전주시완산구,중화산2동,63_89
전북특별자치도,전주시완산구,서신동,63_89
전북특별자치도,전주시완산구,평화1동,63_88
전북특별자치도,전주시완산구,평화2동,63_88
전북특별자치도,전주시완산구,삼천1동,63_88
전북특별자치도,전주시완산구,삼천2동,63_88
전북특별자치도,전주시완산구,삼천3동,63_88
전북특별자치도,전주시완산구,효자1동,63_88
전북특별자치도,전주시완산구,효자2동,63_88
전북특별자치도,전주시완산구,효자3동,63_88
전북특별자치도,전주시완산구,효자4동,62_89
전북특별자치도,전주시완산구,효자5동,63_89
전북특별자치도,전주시덕진구,진북동,63_89
전북특별자치도,전주시덕진구,인후1동,63_89
전북특별자치도,전주시덕진구,인후2동,63_89
전북특별자치도,전주시덕진구,인후3동,64_89
전북특별자치도,전주시덕진구,덕진동,63_89
전북특별자치도,전주시덕진구,금암동,63_89
전북특별자치도,전주시덕진구,팔복동,63_89
전북특별자치도,전주시덕진구,우아1동,64_89
전북특별자치도,전주시덕진구,우아2동,64_89
전북특별자치도,전주시덕진구,호성동,63_90
전북특별자치도,전주시덕진구,송천1동,63_90
전북특별자치도,전주시덕진구,송천2동,63_90
전북특별자치도,전주시덕진구,조촌동,62_90
전북특별자치도,전주시덕진구,여의동,62_90
전북특별자치도,전주시덕진구,혁신동,62_89
전북특별자치도,군산시,옥구읍,55_91
전북특별자치도,군산시,옥산면,56_91
전북특별자치도,군산시,회현면,56_91
전북특별자치도,군산시,임피면,58_92
전북특별자치도,군산시,서수면,58_92
전북특별자치도,군산시,대야면,57_91
전북특별자치도,군산시,개정면,57_92
전북특별자치도,군산시,성산면,57_92
전북특별자치도,군산시,나포면,58_93
전북특별자치도,군산시,옥도면,43_95
전북특별자치도,군산시,옥서면,54_91
전북특별자치도,군산시,해신동,55_92
전북특별자치도,군산시,월명동,56_92
전북특별자치도,군산시,신풍동,55_92
전북특별자치도,군산시,삼학동,56_92
전북특별자치도,군산시,중앙동,56_92
전북특별자치도,군산시,흥남동,56_92
전북특별자치도,군산시,조촌동,56_92
전북특별자치도,군산시,경암동,56_92
전북특별자치도,군산시,구암동,56_92
전북특별자치도,군산시,개정동,56_92
전북특별자치도,군산시,수송동,56_92
전북특별자치도,군산시,나운1동,55_92
전북특별자치도,군산시,나운2동,55_92
전북특별자치도,군산시,나운3동,55_92
전북특별자치도,군산시,소룡동,55_92
전북특별자치도,군산시,미성동,55_92
전북특별자치도,익산시,함열읍,60_94
전북특별자치도,익산시,오산면,59_91
전북특별자치도,익산시,황등면,60_93
전북특별자치도,익산시,함라면,59_94
전북특별자치도,익산시,웅포면,58_94
전북특별자치도,익산시,성당면,59_95
전북특별자치도,익산시,용안면,60_95
전북특별자치도,익산시,낭산면,61_94
전북특별자치도,익산시,망성면,61_96
전북특별자치도,익산시,여산면,62_94
전북특별자치도,익산시,금마면,62_92
전북특별자치도,익산시,왕궁면,62_92
전북특별자치도,익산시,춘포면,61_90
전북특별자치도,익산시,삼기면,60_93
전북특별자치도,익산시,용동면,60_95
전북특별자치도,익산시,중앙동,60_91
전북특별자치도,익산시,평화동,60_91
전북특별자치도,익산시,인화동,60_91
전북특별자치도,익산시,동산동,60_91
전북특별자치도,익산시,마동,60_91
전북특별자치도,익산시,남중동,60_92
전북특별자치도,익산시,모현동,60_91
전북특별자치도,익산시,송학동,60_91
전북특별자치도,익산시,영등1동,60_92
전북특별자치도,익산시,영등2동,60_92
전북특별자치도,익산시,어양동,60_92
전북특별자치도,익산시,신동,60_92
전북특별자치도,익산시,팔봉동,61_92
전북특별자치도,익산시,삼성동,60_92
전북특별자치도,정읍시,신태인읍,59_86
전북특별자치도,정읍시,북면,59_84
전북특별자치도,정읍시,입암면,57_82
전북특별자치도,정읍시,소성면,57_83
전북특별자치도,정읍시,고부면,57_84
전북특별자치도,정읍시,영원면,57_85
전북특별자치도,정읍시,덕천면,58_84
전북특별자치도,정읍시,이평면,58_85
전북특별자치도,정읍시,정우면,59_85
전북특별자치도,정읍시,태인면,60_85
전북특별자치도,정읍시,감곡면,59_86
전북특별자치도,정읍시,옹동면,60_85
전북특별자치도,정읍시,칠보면,61_84
전북특별자치도,정읍시,산내면,61_83
전북특별자치도,정읍시,산외면,61_84
전북특별자치도,정읍시,수성동,58_83
전북특별자치도,정읍시,장명동,58_83
전북특별자치도,정읍시,내장상동,58_83
전북특별자치도,정읍시,시기동,58_83
전북특별자치도,정읍시,초산동,58_83
전북특별자치도,정읍시,연지동,58_83
전북특별자치도,정읍시,농소동,58_84
전북특별자치도,정읍시,상교동,58_83
전북특별자치도,남원시,운봉읍,70_81
전북특별자치도,남원시,주천면,69_79
전북특별자치도,남원시,수지면,67_78
전북특별자치도,남원시,송동면,67_79
전북특별자치도,남원시,주생면,67_79
전북특별자치도,남원시,금지면,66_79
전북특별자치도,남원시,대강면,65_78
전북특별자치도,남원시,대산면,67_80
전북특별자치도,남원시,사매면,67_82
전북특별자치도,남원시,덕과면,67_82
전북특별자치도,남원시,보절면,68_82
전북특별자치도,남원시,산동면,69_82
전북특별자치도,남원시,이백면,69_80
전북특별자치도,남원시,아영면,72_82
전북특별자치도,남원시,산내면,72_80
전북특별자치도,남원시,인월면,71_81
전북특별자치도,남원시,동충동,68_80
전북특별자치도,남원시,죽항동,68_80
전북특별자치도,남원시,노암동,68_80
전북특별자치도,남원시,금동,67_80
전북특별자치도,남원시,왕정동,67_80
전북특별자치도,남원시,향교동,68_80
전북특별자치도,남원시,도통동,68_80
전북특별자치도,김제시,만경읍,58_89
전북특별자치도,김제시,죽산면,57_88
전북특별자치도,김제시,백산면,59_89
전북특별자치도,김제시,용지면,60_89
전북특별자치도,김제시,백구면,60_90
전북특별자치도,김제시,부량면,58_87
전북특별자치도,김제시,공덕면,59_90
전북특별자치도,김제시,청하면,58_90
전북특별자치도,김제시,성덕면,57_89
전북특별자치도,김제시,진봉면,57_90
전북특별자치도,김제시,금구면,61_88
전북특별자치도,김제시,봉남면,60_87
전북특별자치도,김제시,황산면,60_88
전북특별자치도,김제시,금산면,61_86
전북특별자치도,김제시,광활면,56_89
전북특별자치도,김제시,요촌동,59_88
전북특별자치도,김제시,신풍동,59_88
전북특별자치도,김제시,검산동,59_88
전북특별자치도,김제시,교월동,59_88
전북특별자치도,완주군,삼례읍,62_91
전북특별자치도,완주군,봉동읍,64_91
전북특별자치도,완주군,용진읍,63_90
전북특별자치도,완주군,상관면,64_88
전북특별자치도,완주군,이서면,61_89
전북특별자치도,완주군,소양면,65_90
전북특별자치도,완주군,구이면,63_87
전북특별자치도,완주군,고산면,64_92
전북특별자치도,완주군,비봉면,63_93
전북특별자치도,완주군,운주면,66_95
전북특별자치도,완주군,화산면,64_93
전북특별자치도,완주군,동상면,66_91
전북특별자치도,완주군,경천면,65_93
전북특별자치도,진안군,진안읍,68_88
전북특별자치도,진안군,용담면,70_92
전북특별자치도,진안군,안천면,70_91
전북특별자치도,진안군,동향면,71_89
전북특별자치도,진안군,상전면,69_89
전북특별자치도,진안군,백운면,68_86
전북특별자치도,진안군,성수면,66_86
전북특별자치도,진안군,마령면,67_87
전북특별자치도,진안군,부귀면,67_89
전북특별자치도,진안군,정천면,68_90
전북특별자치도,진안군,주천면,68_92
전북특별자치도,무주군,무주읍,72_93
전북특별자치도,무주군,무풍면,76_92
전북특별자치도,무주군,설천면,75_93
전북특별자치도,무주군,적상면,72_92
전북특별자치도,무주군,안성면,72_90
전북특별자치도,무주군,부남면,71_92
전북특별자치도,장수군,장수읍,70_85
전북특별자치도,장수군,산서면,68_84
전북특별자치도,장수군,번암면,70_83
전북특별자치도,장수군,장계면,71_87
전북특별자치도,장수군,천천면,70_87
전북특별자치도,장수군,계남면,71_86
전북특별자치도,장수군,계북면,72_88
전북특별자치도,임실군,임실읍,66_84
전북특별자치도,임실군,청웅면,64_83
전북특별자치도,임실군,운암면,63_85
전북특별자치도,임실군,신평면,65_85
전북특별자치도,임실군,성수면,67_85
전북특별자치도,임실군,오수면,67_83
전북특별자치도,임실군,신덕면,64_86
전북특별자치도,임실군,삼계면,66_82
전북특별자치도,임실군,관촌면,66_86
전북특별자치도,임실군,강진면,64_82
전북특별자치도,임실군,덕치면,64_82
전북특별자치도,임실군,지사면,67_83
전북특별자치도,순창군,순창읍,63_79
전북특별자치도,순창군,인계면,63_80
전북특별자치도,순창군,동계면,65_81
전북특별자치도,순창군,풍산면,63_78
전북특별자치도,순창군,금과면,62_78
전북특별자치도,순창군,팔덕면,63_79
전북특별자치도,순창군,쌍치면,61_82
전북특별자치도,순창군,복흥면,60_80
전북특별자치도,순창군,적성면,65_80
전북특별자치도,순창군,유등면,64_79
전북특별자치도,순창군,구림면,63_81
전북특별자치도,고창군,고창읍,56_80
전북특별자치도,고창군,고수면,55_80
전북특별자치도,고창군,아산면,54_80
전북특별자치도,고창군,무장면,53_80
전북특별자치도,고창군,공음면,52_79
전북특별자치도,고창군,상하면,52_80
전북특별자치도,고창군,해리면,53_81
전북특별자치도,고창군,성송면,55_79
전북특별자치도,고창군,대산면,54_78
전북특별자치도,고창군,심원면,53_82
전북특별자치도,고창군,흥덕면,56_82
전북특별자치도,고창군,성내면,56_83
전북특별자치도,고창군,신림면,56_81
전북특별자치도,고창군,부안면,55_82
전북특별자치도,부안군,부안읍,56_87
전북특별자치도,부안군,주산면,56_85
전북특별자치도,부안군,동진면,56_87
전북특별자치도,부안군,행안면,56_87
전북특별자치도,부안군,계화면,55_87
전북특별자치도,부안군,보안면,55_84
전북특별자치도,부안군,변산면,52_85
전북특별자치도,부안군,진서면,54_84
전북특별자치도,부안군,백산면,57_86
전북특별자치도,부안군,상서면,55_86
전북특별자치도,부안군,하서면,55_86
전북특별자치도,부안군,줄포면,55_84
전북특별자치도,부안군,위도면,48_84
전라남도,목포시,용당1동,50_66
전라남도,목포시,용당2동,50_66
전라남도,목포시,연동,50_66
전라남도,목포시,산정동,50_67
전라남도,목포시,연산동,50_67
전라남도,목포시,원산동,50_67
전라남도,목포시,대성동,50_66
전라남도,목포시,목원동,50_66
전라남도,목포시,동명동,50_66
전라남도,목포시,삼학동,50_66
전라남도,목포시,만호동,50_66
전라남도,목포시,유달동,50_66
전라남도,목포시,죽교동,50_66
전라남도,목포시,북항동,50_67
전라남도,목포시,용해동,50_67
전라남도,목포시,이로동,50_66
전라남도,목포시,상동,50_67
전라남도,목포시,하당동,51_67
전라남도,목포시,신흥동,51_66
전라남도,목포시,삼향동,51_67
전라남도,목포시,옥암동,51_67
전라남도,목포시,부흥동,51_66
전라남도,목포시,부주동,51_67
전라남도,여수시,돌산읍,74_63
전라남도,여수시,소라면,72_66
전라남도,여수시,율촌면,71_68
전라남도,여수시,화양면,72_65
전라남도,여수시,남면,75_60
전라남도,여수시,화정면,73_63
전라남도,여수시,삼산면,67_50
전라남도,여수시,동문동,74_65
전라남도,여수시,한려동,74_65
전라남도,여수시,중앙동,74_65
전라남도,여수시,충무동,74_66
전라남도,여수시,광림동,74_66
전라남도,여수시,서강동,74_65
전라남도,여수시,대교동,74_65
전라남도,여수시,국동,74_65
전라남도,여수시,월호동,74_65
전라남도,여수시,여서동,74_66
전라남도,여수시,문수동,74_66
전라남도,여수시,미평동,74_66
전라남도,여수시,둔덕동,73_66
전라남도,여수시,만덕동,74_66
전라남도,여수시,쌍봉동,73_66
전라남도,여수시,시전동,73_66
전라남도,여수시,여천동,73_66
전라남도,여수시,주삼동,73_66
전라남도,여수시,삼일동,73_67
전라남도,여수시,묘도동,74_68
전라남도,순천시,승주읍,68_71
전라남도,순천시,해룡면,71_69
전라남도,순천시,서면,70_71
전라남도,순천시,황전면,69_73
전라남도,순천시,월등면,68_73
전라남도,순천시,주암면,65_73
전라남도,순천시,송광면,66_70
전라남도,순천시,외서면,66_69
전라남도,순천시,낙안면,67_69
전라남도,순천시,별량면,69_68
전라남도,순천시,상사면,69_70
전라남도,순천시,향동,70_70
전라남도,순천시,매곡동,70_70
전라남도,순천시,삼산동,70_70
전라남도,순천시,조곡동,70_70
전라남도,순천시,덕연동,70_70
전라남도,순천시,풍덕동,70_70
전라남도,순천시,남제동,70_70
전라남도,순천시,저전동,70_70
전라남도,순천시,장천동,70_70
전라남도,순천시,중앙동,70_70
전라남도,순천시,도사동,70_69
전라남도,순천시,왕조1동,70_70
전라남도,순천시,왕조2동,70_70
전라남도,나주시,남평읍,58_72
전라남도,나주시,세지면,56_69
전라남도,나주시,왕곡면,55_70
전라남도,나주시,반남면,55_69
전라남도,나주시,공산면,54_70
전라남도,나주시,동강면,53_69
전라남도,나주시,다시면,54_71
전라남도,나주시,문평면,54_72
전라남도,나주시,노안면,56_72
전라남도,나주시,금천면,57_71
전라남도,나주시,산포면,57_72
전라남도,나주시,다도면,58_70
전라남도,나주시,봉황면,57_70
전라남도,나주시,송월동,56_71
전라남도,나주시,영강동,56_71
전라남도,나주시,금남동,56_71
전라남도,나주시,성북동,56_72
전라남도,나주시,영산동,56_71
전라남도,나주시,이창동,56_71
전라남도,나주시,빛가람동,57_71
전라남도,광양시,광양읍,71_70
전라남도,광양시,봉강면,71_71
전라남도,광양시,옥룡면,72_71
전라남도,광양시,옥곡면,73_71
전라남도,광양시,진상면,74_71
전라남도,광양시,진월면,74_71
전라남도,광양시,다압면,73_74
전라남도,광양시,골약동,73_70
전라남도,광양시,중마동,73_70
전라남도,광양시,광영동,74_70
전라남도,광양시,금호동,74_70
전라남도,광양시,태인동,74_70
전라남도,담양군,담양읍,61_78
전라남도,담양군,봉산면,60_77
전라남도,담양군,고서면,60_76
전라남도,담양군,가사문학면,61_75
전라남도,담양군,창평면,61_76
전라남도,담양군,대덕면,62_76
전라남도,담양군,무정면,61_77
전라남도,담양군,금성면,61_78
전라남도,담양군,용면,61_79
전라남도,담양군,월산면,60_78
전라남도,담양군,수북면,60_77
전라남도,담양군,대전면,59_77
전라남도,곡성군,곡성읍,66_77
전라남도,곡성군,오곡면,66_77
전라남도,곡성군,삼기면,65_76
전라남도,곡성군,석곡면,65_74
전라남도,곡성군,목사동면,66_74
전라남도,곡성군,죽곡면,67_74
전라남도,곡성군,고달면,67_77
전라남도,곡성군,옥과면,63_77
전라남도,곡성군,입면,64_77
전라남도,곡성군,겸면,64_76
전라남도,곡성군,오산면,63_76
전라남도,구례군,구례읍,69_76
전라남도,구례군,문척면,70_75
전라남도,구례군,간전면,71_75
전라남도,구례군,토지면,70_75
전라남도,구례군,마산면,70_76
전라남도,구례군,광의면,69_77
전라남도,구례군,용방면,69_76
전라남도,구례군,산동면,69_78
전라남도,고흥군,고흥읍,66_62
전라남도,고흥군,도양읍,64_61
전라남도,고흥군,풍양면,65_62
전라남도,고흥군,도덕면,64_61
전라남도,고흥군,금산면,63_59
전라남도,고흥군,도화면,67_60
전라남도,고흥군,포두면,67_62
전라남도,고흥군,봉래면,69_59
전라남도,고흥군,점암면,68_63
전라남도,고흥군,과역면,67_64
전라남도,고흥군,남양면,67_65
전라남도,고흥군,동강면,67_66
전라남도,고흥군,대서면,66_66
전라남도,고흥군,두원면,66_63
전라남도,고흥군,영남면,69_62
전라남도,고흥군,동일면,69_60
전라남도,보성군,보성읍,62_66
전라남도,보성군,벌교읍,67_68
전라남도,보성군,노동면,62_66
전라남도,보성군,미력면,63_66
전라남도,보성군,겸백면,64_67
전라남도,보성군,율어면,64_68
전라남도,보성군,복내면,63_69
전라남도,보성군,문덕면,64_69
전라남도,보성군,조성면,65_67
전라남도,보성군,득량면,64_66
전라남도,보성군,회천면,63_64
전라남도,보성군,웅치면,61_65
전라남도,화순군,화순읍,61_72
전라남도,화순군,한천면,61_70
전라남도,화순군,춘양면,60_70
전라남도,화순군,청풍면,60_68
전라남도,화순군,이양면,61_68
전라남도,화순군,능주면,60_71
전라남도,화순군,도곡면,59_71
전라남도,화순군,도암면,59_69
전라남도,화순군,이서면,62_73
전라남도,화순군,백아면,63_75
전라남도,화순군,동복면,63_72
전라남도,화순군,사평면,63_71
전라남도,화순군,동면,62_71
전라남도,장흥군,장흥읍,59_64
전라남도,장흥군,관산읍,60_61
전라남도,장흥군,대덕읍,59_60
전라남도,장흥군,용산면,59_62
전라남도,장흥군,안양면,61_63
전라남도,장흥군,장동면,61_65
전라남도,장흥군,장평면,61_66
전라남도,장흥군,유치면,58_66
전라남도,장흥군,부산면,59_65
전라남도,장흥군,회진면,60_59
전라남도,강진군,강진읍,57_63
전라남도,강진군,군동면,58_63
전라남도,강진군,칠량면,57_61
전라남도,강진군,대구면,57_60
전라남도,강진군,도암면,56_61
전라남도,강진군,신전면,56_60
전라남도,강진군,성전면,56_64
전라남도,강진군,작천면,57_64
전라남도,강진군,병영면,58_65
전라남도,강진군,옴천면,57_65
전라남도,강진군,마량면,58_59
전라남도,해남군,해남읍,54_61
전라남도,해남군,삼산면,54_60
전라남도,해남군,화산면,52_60
전라남도,해남군,현산면,53_59
전라남도,해남군,송지면,52_57
전라남도,해남군,북평면,54_58
전라남도,해남군,북일면,55_59
전라남도,해남군,옥천면,55_61
전라남도,해남군,계곡면,55_63
전라남도,해남군,마산면,53_62
전라남도,해남군,황산면,51_61
전라남도,해남군,산이면,51_63
전라남도,해남군,문내면,49_62
전라남도,해남군,화원면,49_64
전라남도,영암군,영암읍,56_66
전라남도,영암군,삼호읍,51_65
전라남도,영암군,덕진면,56_67
전라남도,영암군,금정면,56_68
전라남도,영암군,신북면,55_68
전라남도,영암군,시종면,54_68
전라남도,영암군,도포면,55_67
전라남도,영암군,군서면,55_66
전라남도,영암군,서호면,54_65
전라남도,영암군,학산면,53_65
전라남도,영암군,미암면,53_64
전라남도,무안군,무안읍,52_71
전라남도,무안군,일로읍,52_67
전라남도,무안군,삼향읍,51_67
전라남도,무안군,몽탄면,52_69
전라남도,무안군,청계면,51_69
전라남도,무안군,현경면,50_71
전라남도,무안군,망운면,50_71
전라남도,무안군,해제면,48_73
전라남도,무안군,운남면,49_70
전라남도,함평군,함평읍,52_72
전라남도,함평군,손불면,51_74
전라남도,함평군,신광면,52_74
전라남도,함평군,학교면,53_71
전라남도,함평군,엄다면,52_71
전라남도,함평군,대동면,53_72
전라남도,함평군,나산면,54_73
전라남도,함평군,해보면,54_75
전라남도,함평군,월야면,54_75
전라남도,영광군,영광읍,52_77
전라남도,영광군,백수읍,51_77
전라남도,영광군,홍농읍,51_79
전라남도,영광군,대마면,53_77
전라남도,영광군,묘량면,53_76
전라남도,영광군,불갑면,52_75
전라남도,영광군,군서면,52_76
전라남도,영광군,군남면,51_76
전라남도,영광군,염산면,50_75
전라남도,영광군,법성면,51_79
전라남도,영광군,낙월면,45_75
전라남도,장성군,장성읍,57_77
전라남도,장성군,진원면,58_77
전라남도,장성군,남면,58_76
전라남도,장성군,동화면,56_77
전라남도,장성군,삼서면,55_76
전라남도,장성군,삼계면,55_76
전라남도,장성군,황룡면,57_77
전라남도,장성군,서삼면,57_78
전라남도,장성군,북일면,57_79
전라남도,장성군,북이면,57_80
전라남도,장성군,북하면,59_80
전라남도,완도군,완도읍,57_56
전라남도,완도군,금일읍,62_57
전라남도,완도군,노화읍,53_53
전라남도,완도군,군외면,55_57
전라남도,완도군,신지면,58_56
전라남도,완도군,고금면,58_58
전라남도,완도군,약산면,59_58
전라남도,완도군,청산면,59_53
전라남도,완도군,소안면,55_53
전라남도,완도군,금당면,62_58
전라남도,완도군,보길면,53_53
전라남도,완도군,생일면,61_56
전라남도,진도군,진도읍,48_59
전라남도,진도군,군내면,48_60
전라남도,진도군,고군면,49_60
전라남도,진도군,의신면,48_58
전라남도,진도군,임회면,46_58
전라남도,진도군,지산면,46_58
전라남도,진도군,조도면,44_55
전라남도,신안군,지도읍,47_72
전라남도,신안군,압해읍,49_68
전라남도,신안군,증도면,46_71
전라남도,신안군,임자면,45_73
전라남도,신안군,자은면,44_68
전라남도,신안군,비금면,42_65
전라남도,신안군,도초면,42_64
전라남도,신안군,흑산면,33_64
전라남도,신안군,하의면,44_62
전라남도,신안군,신의면,45_62
전라남도,신안군,장산면,46_63
전라남도,신안군,안좌면,45_65
전라남도,신안군,팔금면,46_66
전라남도,신안군,암태면,45_67
경상북도,포항시남구,구룡포읍,105_94
경상북도,포항시남구,연일읍,102_94
경상북도,포항시남구,오천읍,103_93
경상북도,포항시남구,대송면,102_93
경상북도,포항시남구,동해면,104_94
경상북도,포항시남구,장기면,105_92
경상북도,포항시남구,호미곶면,106_96
경상북도,포항시남구,상대동,102_94
경상북도,포항시남구,해도동,102_94
경상북도,포항시남구,송도동,102_94
경상북도,포항시남구,청림동,103_94
경상북도,포항시남구,제철동,103_94
경상북도,포항시남구,효곡동,102_94
경상북도,포항시남구,대이동,102_94
경상북도,포항시북구,흥해읍,102_96
경상북도,포항시북구,신광면,100_97
경상북도,포항시북구,청하면,102_98
경상북도,포항시북구,송라면,102_99
경상북도,포항시북구,기계면,100_95
경상북도,포항시북구,죽장면,97_97
경상북도,포항시북구,기북면,99_96
경상북도,포항시북구,중앙동,102_95
경상북도,포항시북구,양학동,102_94
경상북도,포항시북구,죽도동,102_95
경상북도,포항시북구,용흥동,102_95
경상북도,포항시북구,우창동,102_95
경상북도,포항시북구,두호동,102_95
경상북도,포항시북구,장량동,102_95
경상북도,포항시북구,환여동,103_95
경상북도,경주시,감포읍,105_90
경상북도,경주시,안강읍,100_93
경상북도,경주시,건천읍,98_90
경상북도,경주시,외동읍,102_88
경상북도,경주시,문무대왕면,104_89
경상북도,경주시,양남면,104_87
경상북도,경주시,내남면,100_88
경상북도,경주시,산내면,97_88
경상북도,경주시,서면,97_91
경상북도,경주시,현곡면,100_91
경상북도,경주시,강동면,101_93
경상북도,경주시,천북면,101_91
경상북도,경주시,중부동,100_90
경상북도,경주시,황오동,100_90
경상북도,경주시,성건동,100_90
경상북도,경주시,황남동,100_90
경상북도,경주시,선도동,99_90
경상북도,경주시,월성동,100_90
경상북도,경주시,용강동,100_91
경상북도,경주시,황성동,100_91
경상북도,경주시,동천동,100_90
경상북도,경주시,불국동,101_89
경상북도,경주시,보덕동,101_90
경상북도,김천시,아포읍,83_97
경상북도,김천시,농소면,81_95
경상북도,김천시,남면,82_95
경상북도,김천시,개령면,81_97
경상북도,김천시,감문면,81_98
경상북도,김천시,어모면,80_97
경상북도,김천시,봉산면,79_96
경상북도,김천시,대항면,79_96
경상북도,김천시,감천면,80_94
경상북도,김천시,조마면,80_94
경상북도,김천시,구성면,79_94
경상북도,김천시,지례면,79_93
경상북도,김천시,부항면,77_93
경상북도,김천시,대덕면,78_91
경상북도,김천시,증산면,79_91
경상북도,김천시,자산동,80_96
경상북도,김천시,평화남산동,80_96
경상북도,김천시,양금동,80_95
경상북도,김천시,대신동,80_96
경상북도,김천시,대곡동,80_96
경상북도,김천시,지좌동,81_96
경상북도,김천시,율곡동,81_96
경상북도,안동시,풍산읍,88_106
경상북도,안동시,와룡면,91_107
경상북도,안동시,북후면,90_108
경상북도,안동시,서후면,90_107
경상북도,안동시,풍천면,87_105
경상북도,안동시,일직면,90_104
경상북도,안동시,남후면,90_105
경상북도,안동시,남선면,91_105
경상북도,안동시,임하면,92_105
경상북도,안동시,길안면,94_103
경상북도,안동시,임동면,94_106
경상북도,안동시,예안면,93_108
경상북도,안동시,도산면,92_110
경상북도,안동시,녹전면,91_110
경상북도,안동시,중구동,91_106
경상북도,안동시,명륜동,91_106
경상북도,안동시,용상동,91_105
경상북도,안동시,서구동,90_106
경상북도,안동시,태화동,90_106
경상북도,안동시,평화동,90_106
경상북도,안동시,안기동,90_106
경상북도,안동시,옥동,90_106
경상북도,안동시,송하동,90_106
경상북도,안동시,강남동,91_105
경상북도,구미시,선산읍,83_98
경상북도,구미시,고아읍,84_97
경상북도,구미시,산동읍,86_97
경상북도,구미시,무을면,82_99
경상북도,구미시,옥성면,83_100
경상북도,구미시,도개면,84_100
경상북도,구미시,해평면,85_97
경상북도,구미시,장천면,87_96
경상북도,구미시,송정동,84_96
경상북도,구미시,원평동,84_96
경상북도,구미시,도량동,84_96
경상북도,구미시,지산동,84_96
경상북도,구미시,선주원남동,84_96
경상북도,구미시,형곡1동,84_96
경상북도,구미시,형곡2동,84_95
경상북도,구미시,신평1동,85_96
경상북도,구미시,신평2동,85_96
경상북도,구미시,비산동,85_96
경상북도,구미시,광평동,85_95
경상북도,구미시,상모사곡동,84_95
경상북도,구미시,임오동,85_95
경상북도,구미시,인동동,86_95
경상북도,구미시,진미동,86_95
경상북도,구미시,양포동,86_96
경상북도,구미시,공단동,85_95
경상북도,영주시,풍기읍,87_112
경상북도,영주시,이산면,89_111
경상북도,영주시,평은면,90_109
경상북도,영주시,문수면,89_110
경상북도,영주시,장수면,88_110
경상북도,영주시,안정면,87_112
경상북도,영주시,봉현면,87_112
경상북도,영주시,순흥면,88_113
경상북도,영주시,단산면,88_114
경상북도,영주시,부석면,89_115
경상북도,영주시,상망동,89_111
경상북도,영주시,하망동,89_111
경상북도,영주시,영주1동,89_111
경상북도,영주시,영주2동,89_111
경상북도,영주시,휴천1동,89_111
경상북도,영주시,휴천2동,89_111
경상북도,영주시,휴천3동,89_111
경상북도,영주시,가흥1동,89_111
경상북도,영주시,가흥2동,88_111
경상북도,영천시,금호읍,94_92
경상북도,영천시,청통면,93_93
경상북도,영천시,신녕면,92_94
경상북도,영천시,화산면,93_94
경상북도,영천시,화북면,94_96
경상북도,영천시,화남면,94_95
경상북도,영천시,자양면,96_95
경상북도,영천시,임고면,95_94
경상북도,영천시,고경면,97_94
경상북도,영천시,북안면,96_92
경상북도,영천시,대창면,94_91
경상북도,영천시,동부동,95_93
경상북도,영천시,중앙동,95_93
경상북도,영천시,서부동,95_93
경상북도,영천시,완산동,95_93
경상북도,영천시,남부동,95_93
경상북도,상주시,함창읍,81_105
경상북도,상주시,중동면,83_102
경상북도,상주시,사벌국면,82_103
경상북도,상주시,낙동면,82_101
경상북도,상주시,청리면,80_100
경상북도,상주시,공성면,80_99
경상북도,상주시,외남면,80_101
경상북도,상주시,내서면,79_102
경상북도,상주시,모동면,77_100
경상북도,상주시,모서면,77_100
경상북도,상주시,화동면,77_101
경상북도,상주시,화서면,77_103
경상북도,상주시,화북면,77_105
경상북도,상주시,외서면,80_103
경상북도,상주시,은척면,79_105
경상북도,상주시,공검면,81_104
경상북도,상주시,이안면,80_106
경상북도,상주시,화남면,76_103
경상북도,상주시,남원동,81_102
경상북도,상주시,북문동,81_102
경상북도,상주시,계림동,81_102
경상북도,상주시,동문동,81_102
경상북도,상주시,동성동,81_102
경상북도,상주시,신흥동,81_102
경상북도,문경시,문경읍,80_109
경상북도,문경시,가은읍,79_107
경상북도,문경시,영순면,82_106
경상북도,문경시,산양면,82_106
경상북도,문경시,호계면,82_107
경상북도,문경시,산북면,82_107
경상북도,문경시,동로면,83_110
경상북도,문경시,마성면,80_108
경상북도,문경시,농암면,78_106
경상북도,문경시,점촌1동,81_106
경상북도,문경시,점촌2동,81_106
경상북도,문경시,점촌3동,82_106
경상북도,문경시,점촌4동,81_107
경상북도,문경시,점촌5동,81_106
경상북도,경산시,하양읍,93_91
경상북도,경산시,진량읍,93_91
경상북도,경산시,압량읍,92_90
경상북도,경산시,와촌면,93_92
경상북도,경산시,자인면,93_89
경상북도,경산시,용성면,94_89
경상북도,경산시,남산면,93_89
경상북도,경산시,남천면,91_88
경상북도,경산시,중방동,91_90
경상북도,경산시,중앙동,91_89
경상북도,경산시,남부동,91_89
경상북도,경산시,서부1동,91_89
경상북도,경산시,서부2동,91_90
경상북도,경산시,북부동,92_90
경상북도,경산시,동부동,92_89
경상북도,군위군,군위읍,88_98
경상북도,군위군,소보면,86_99
경상북도,군위군,효령면,88_97
경상북도,군위군,부계면,90_95
경상북도,군위군,우보면,90_98
경상북도,군위군,의흥면,91_97
경상북도,군위군,산성면,90_96
경상북도,군위군,삼국유사면,92_96
경상북도,의성군,의성읍,90_101
경상북도,의성군,단촌면,90_102
경상북도,의성군,점곡면,91_103
경상북도,의성군,옥산면,92_102
경상북도,의성군,사곡면,92_100
경상북도,의성군,춘산면,92_99
경상북도,의성군,가음면,91_98
경상북도,의성군,금성면,90_99
경상북도,의성군,봉양면,88_100
경상북도,의성군,비안면,87_101
경상북도,의성군,구천면,86_101
경상북도,의성군,단밀면,85_101
경상북도,의성군,단북면,85_102
경상북도,의성군,안계면,86_102
경상북도,의성군,다인면,84_103
경상북도,의성군,신평면,87_103
경상북도,의성군,안평면,88_101
경상북도,의성군,안사면,86_103
경상북도,청송군,청송읍,96_103
경상북도,청송군,주왕산면,98_101
경상북도,청송군,부남면,97_101
경상북도,청송군,현동면,96_100
경상북도,청송군,현서면,94_100
경상북도,청송군,안덕면,95_100
경상북도,청송군,파천면,96_104
경상북도,청송군,진보면,96_105
경상북도,영양군,영양읍,97_108
경상북도,영양군,입암면,97_106
경상북도,영양군,청기면,96_108
경상북도,영양군,일월면,98_109
경상북도,영양군,수비면,99_110
경상북도,영양군,석보면,98_106
경상북도,영덕군,영덕읍,102_103
경상북도,영덕군,강구면,102_102
경상북도,영덕군,남정면,102_100
경상북도,영덕군,달산면,101_102
경상북도,영덕군,지품면,100_103
경상북도,영덕군,축산면,103_105
경상북도,영덕군,영해면,103_105
경상북도,영덕군,병곡면,103_107
경상북도,영덕군,창수면,102_106
경상북도,청도군,화양읍,91_86
경상북도,청도군,청도읍,92_86
경상북도,청도군,각남면,90_85
경상북도,청도군,풍각면,89_85
경상북도,청도군,각북면,89_86
경상북도,청도군,이서면,90_86
경상북도,청도군,운문면,95_87
경상북도,청도군,금천면,94_87
경상북도,청도군,매전면,94_86
경상북도,고령군,대가야읍,83_87
경상북도,고령군,덕곡면,82_88
경상북도,고령군,운수면,84_88
경상북도,고령군,성산면,85_88
경상북도,고령군,다산면,86_89
경상북도,고령군,개진면,85_87
경상북도,고령군,우곡면,84_86
경상북도,고령군,쌍림면,83_86
경상북도,성주군,성주읍,83_91
경상북도,성주군,선남면,85_91
경상북도,성주군,용암면,84_90
경상북도,성주군,수륜면,82_89
경상북도,성주군,가천면,81_91
경상북도,성주군,금수강산면,81_91
경상북도,성주군,대가면,82_91
경상북도,성주군,벽진면,82_92
경상북도,성주군,초전면,83_93
경상북도,성주군,월항면,84_92
경상북도,칠곡군,왜관읍,85_93
경상북도,칠곡군,북삼읍,84_94
경상북도,칠곡군,석적읍,85_94
경상북도,칠곡군,지천면,87_92
경상북도,칠곡군,동명면,88_93
경상북도,칠곡군,가산면,88_95
경상북도,칠곡군,약목면,85_94
경상북도,칠곡군,기산면,85_93
경상북도,예천군,예천읍,86_107
경상북도,예천군,용문면,85_108
경상북도,예천군,감천면,87_109
경상북도,예천군,보문면,87_108
경상북도,예천군,호명읍,86_106
경상북도,예천군,유천면,85_107
경상북도,예천군,용궁면,83_106
경상북도,예천군,개포면,84_106
경상북도,예천군,지보면,85_105
경상북도,예천군,풍양면,83_104
경상북도,예천군,효자면,85_110
경상북도,예천군,은풍면,86_109
경상북도,봉화군,봉화읍,91_113
경상북도,봉화군,물야면,90_115
경상북도,봉화군,봉성면,92_113
경상북도,봉화군,법전면,93_113
경상북도,봉화군,춘양면,94_114
경상북도,봉화군,소천면,95_114
경상북도,봉화군,재산면,95_111
경상북도,봉화군,명호면,93_112
경상북도,봉화군,상운면,91_111
경상북도,봉화군,석포면,96_116
경상북도,울진군,울진읍,102_115
경상북도,울진군,평해읍,103_110
경상북도,울진군,북면,101_118
경상북도,울진군,근남면,102_115
경상북도,울진군,기성면,103_111
경상북도,울진군,온정면,101_109
경상북도,울진군,죽변면,102_117
경상북도,울진군,후포면,103_109
경상북도,울진군,금강송면,99_114
경상북도,울진군,매화면,102_114
경상북도,울릉군,울릉읍,127_127
경상북도,울릉군,서면,126_127
경상북도,울릉군,북면,127_129
경상북도,울릉군,독도,144_123
경상남도,창원시 의창구,동읍,91_78
경상남도,창원시 의창구,북면,89_79
경상남도,창원시 의창구,대산면,91_79
경상남도,창원시 의창구,의창동,90_77
경상남도,창원시 의창구,팔룡동,90_77
경상남도,창원시 의창구,명곡동,90_77
경상남도,창원시 의창구,봉림동,91_77
경상남도,창원시 성산구,반송동,91_77
경상남도,창원시 성산구,용지동,91_77
경상남도,창원시 성산구,중앙동,91_77
경상남도,창원시 성산구,상남동,91_76
경상남도,창원시 성산구,사파동,91_76
경상남도,창원시 성산구,가음정동,91_76
경상남도,창원시 성산구,성주동,91_76
경상남도,창원시 성산구,웅남동,90_76
경상남도,창원시 마산합포구,구산면,89_74
경상남도,창원시 마산합포구,진동면,88_74
경상남도,창원시 마산합포구,진북면,87_74
경상남도,창원시 마산합포구,진전면,86_74
경상남도,창원시 마산합포구,현동,89_75
경상남도,창원시 마산합포구,가포동,89_75
경상남도,창원시 마산합포구,월영동,89_76
경상남도,창원시 마산합포구,문화동,89_76
경상남도,창원시 마산합포구,중앙동,89_76
경상남도,창원시 마산합포구,완월동,89_76
경상남도,창원시 마산합포구,자산동,89_76
경상남도,창원시 마산합포구,교방동,89_76
경상남도,창원시 마산합포구,오동동,89_76
경상남도,창원시 마산합포구,합포동,89_76
경상남도,창원시 마산합포구,산호동,89_76
경상남도,창원시 마산회원구,내서읍,88_77
경상남도,창원시 마산회원구,회원1동,89_76
경상남도,창원시 마산회원구,회원2동,89_76
경상남도,창원시 마산회원구,석전동,89_77
경상남도,창원시 마산회원구,회성동,89_77
경상남도,창원시 마산회원구,양덕1동,89_77
경상남도,창원시 마산회원구,양덕2동,89_77
경상남도,창원시 마산회원구,합성1동,89_77
경상남도,창원시 마산회원구,합성2동,89_77
경상남도,창원시 마산회원구,구암1동,89_77
경상남도,창원시 마산회원구,구암2동,89_77
경상남도,창원시 마산회원구,봉암동,89_76
경상남도,창원시 진해구,충무동,91_75
경상남도,창원시 진해구,여좌동,91_75
경상남도,창원시 진해구,태백동,91_75
경상남도,창원시 진해구,경화동,91_75
경상남도,창원시 진해구,병암동,91_75
경상남도,창원시 진해구,석동,91_75
경상남도,창원시 진해구,이동,91_75
경상남도,창원시 진해구,자은동,91_75
경상남도,창원시 진해구,덕산동,91_75
경상남도,창원시 진해구,풍호동,91_75
경상남도,창원시 진해구,웅천동,92_74
경상남도,창원시 진해구,웅동1동,93_75
경상남도,창원시 진해구,웅동2동,93_74
경상남도,진주시,문산읍,82_75
경상남도,진주시,내동면,80_75
경상남도,진주시,정촌면,81_74
경상남도,진주시,금곡면,82_73
경상남도,진주시,진성면,83_75
경상남도,진주시,일반성면,84_75
경상남도,진주시,이반성면,85_75
경상남도,진주시,사봉면,84_75
경상남도,진주시,지수면,83_76
경상남도,진주시,대곡면,82_77
경상남도,진주시,금산면,81_76
경상남도,진주시,집현면,80_76
경상남도,진주시,미천면,81_78
경상남도,진주시,명석면,79_76
경상남도,진주시,대평면,78_76
경상남도,진주시,수곡면,77_75
경상남도,진주시,천전동,80_75
경상남도,진주시,성북동,80_76
경상남도,진주시,중앙동,80_75
경상남도,진주시,상봉동,80_76
경상남도,진주시,상대동,81_75
경상남도,진주시,하대동,81_75
경상남도,진주시,상평동,81_75
경상남도,진주시,초장동,81_76
경상남도,진주시,평거동,79_75
경상남도,진주시,신안동,80_75
경상남도,진주시,이현동,80_75
경상남도,진주시,판문동,80_75
경상남도,진주시,가호동,81_75
경상남도,진주시,충무공동,81_75
경상남도,통영시,산양읍,86_67
경상남도,통영시,용남면,87_68
경상남도,통영시,도산면,85_69
경상남도,통영시,광도면,86_69
경상남도,통영시,욕지면,84_63
경상남도,통영시,한산면,88_66
경상남도,통영시,사량면,83_68
경상남도,통영시,도천동,86_68
경상남도,통영시,명정동,86_68
경상남도,통영시,중앙동,87_68
경상남도,통영시,정량동,87_68
경상남도,통영시,북신동,87_68
경상남도,통영시,미수동,86_68
경상남도,통영시,봉평동,86_68
경상남도,통영시,무전동,87_68
경상남도,사천시,사천읍,80_73
경상남도,사천시,정동면,81_72
경상남도,사천시,사남면,80_72
경상남도,사천시,용현면,80_71
경상남도,사천시,축동면,80_74
경상남도,사천시,곤양면,78_72
경상남도,사천시,곤명면,78_74
경상남도,사천시,서포면,78_71
경상남도,사천시,동서동,80_70
경상남도,사천시,선구동,80_70
경상남도,사천시,동서금동,80_70
경상남도,사천시,벌용동,80_70
경상남도,사천시,향촌동,81_70
경상남도,사천시,남양동,80_71
경상남도,김해시,진영읍,92_78
경상남도,김해시,주촌면,93_77
경상남도,김해시,진례면,92_77
경상남도,김해시,한림면,93_79
경상남도,김해시,생림면,94_79
경상남도,김해시,상동면,95_78
경상남도,김해시,대동면,96_77
경상남도,김해시,동상동,94_77
경상남도,김해시,회현동,94_77
경상남도,김해시,부원동,94_77
경상남도,김해시,내외동,94_77
경상남도,김해시,북부동,94_77
경상남도,김해시,칠산서부동,94_76
경상남도,김해시,활천동,95_77
경상남도,김해시,삼안동,95_77
경상남도,김해시,불암동,95_77
경상남도,김해시,장유1동,93_76
경상남도,김해시,장유2동,93_76
경상남도,김해시,장유3동,93_76
경상남도,밀양시,삼랑진읍,93_80
경상남도,밀양시,하남읍,91_80
경상남도,밀양시,부북면,91_83
경상남도,밀양시,상동면,92_84
경상남도,밀양시,산외면,93_83
경상남도,밀양시,산내면,94_84
경상남도,밀양시,단장면,94_83
경상남도,밀양시,상남면,92_81
경상남도,밀양시,초동면,91_81
경상남도,밀양시,무안면,90_82
경상남도,밀양시,청도면,90_83
경상남도,밀양시,내일동,92_82
경상남도,밀양시,내이동,92_82
경상남도,밀양시,삼문동,92_82
경상남도,밀양시,가곡동,92_82
경상남도,밀양시,교동,92_83
경상남도,거제시,일운면,92_68
경상남도,거제시,동부면,90_68
경상남도,거제시,남부면,90_66
경상남도,거제시,거제면,89_68
경상남도,거제시,둔덕면,88_68
경상남도,거제시,사등면,88_70
경상남도,거제시,연초면,91_70
경상남도,거제시,하청면,91_71
경상남도,거제시,장목면,91_71
경상남도,거제시,장승포동,92_69
경상남도,거제시,능포동,92_69
경상남도,거제시,아주동,91_69
경상남도,거제시,옥포1동,91_69
경상남도,거제시,옥포2동,91_69
경상남도,거제시,장평동,90_69
경상남도,거제시,고현동,90_69
경상남도,거제시,상문동,90_69
경상남도,거제시,수양동,91_69
경상남도,양산시,물금읍,96_78
경상남도,양산시,동면,98_79
경상남도,양산시,원동면,95_80
경상남도,양산시,상북면,97_81
경상남도,양산시,하북면,98_82
경상남도,양산시,중앙동,97_79
경상남도,양산시,양주동,97_79
경상남도,양산시,삼성동,97_79
경상남도,양산시,강서동,97_79
경상남도,양산시,서창동,99_81
경상남도,양산시,소주동,99_81
경상남도,양산시,평산동,99_80
경상남도,양산시,덕계동,99_80
경상남도,의령군,의령읍,83_78
경상남도,의령군,가례면,83_78
경상남도,의령군,칠곡면,82_79
경상남도,의령군,대의면,81_79
경상남도,의령군,화정면,82_77
경상남도,의령군,용덕면,84_79
경상남도,의령군,정곡면,84_80
경상남도,의령군,지정면,85_80
경상남도,의령군,낙서면,85_82
경상남도,의령군,부림면,84_81
경상남도,의령군,봉수면,83_82
경상남도,의령군,궁류면,83_81
경상남도,의령군,유곡면,84_81
경상남도,함안군,가야읍,86_77
경상남도,함안군,칠원읍,88_78
경상남도,함안군,함안면,86_77
경상남도,함안군,군북면,85_77
경상남도,함안군,법수면,85_78
경상남도,함안군,대산면,86_79
경상남도,함안군,칠서면,87_79
경상남도,함안군,칠북면,88_79
경상남도,함안군,산인면,86_77
경상남도,함안군,여항면,86_76
경상남도,창녕군,창녕읍,87_83
경상남도,창녕군,남지읍,87_80
경상남도,창녕군,고암면,88_84
경상남도,창녕군,성산면,87_85
경상남도,창녕군,대합면,87_85
경상남도,창녕군,이방면,85_84
경상남도,창녕군,유어면,86_82
경상남도,창녕군,대지면,87_84
경상남도,창녕군,계성면,88_82
경상남도,창녕군,영산면,88_81
경상남도,창녕군,장마면,87_81
경상남도,창녕군,도천면,88_81
경상남도,창녕군,길곡면,89_80
경상남도,창녕군,부곡면,89_81
경상남도,고성군,고성읍,85_71
경상남도,고성군,삼산면,84_70
경상남도,고성군,하일면,82_70
경상남도,고성군,하이면,81_70
경상남도,고성군,상리면,82_71
경상남도,고성군,대가면,84_72
경상남도,고성군,영현면,82_72
경상남도,고성군,영오면,83_74
경상남도,고성군,개천면,83_73
경상남도,고성군,구만면,85_73
경상남도,고성군,회화면,85_73
경상남도,고성군,마암면,85_73
경상남도,고성군,동해면,86_72
경상남도,고성군,거류면,86_71
경상남도,남해군,남해읍,77_68
경상남도,남해군,이동면,78_67
경상남도,남해군,상주면,79_65
경상남도,남해군,삼동면,79_67
경상남도,남해군,미조면,80_65
경상남도,남해군,남면,77_66
경상남도,남해군,서면,76_67
경상남도,남해군,고현면,77_69
경상남도,남해군,설천면,77_69
경상남도,남해군,창선면,79_68
경상남도,하동군,하동읍,74_73
경상남도,하동군,화개면,72_75
경상남도,하동군,악양면,74_75
경상남도,하동군,적량면,75_73
경상남도,하동군,횡천면,75_73
경상남도,하동군,고전면,76_72
경상남도,하동군,금남면,76_70
경상남도,하동군,진교면,77_72
경상남도,하동군,양보면,76_72
경상남도,하동군,북천면,77_74
경상남도,하동군,청암면,75_74
경상남도,하동군,옥종면,77_75
경상남도,하동군,금성면,75_70
경상남도,산청군,산청읍,76_80
경상남도,산청군,차황면,77_81
경상남도,산청군,오부면,76_81
경상남도,산청군,생초면,76_82
경상남도,산청군,금서면,76_80
경상남도,산청군,삼장면,76_78
경상남도,산청군,시천면,76_77
경상남도,산청군,단성면,78_78
경상남도,산청군,신안면,78_78
경상남도,산청군,생비량면,79_79
경상남도,산청군,신등면,79_80
경상남도,함양군,함양읍,74_82
경상남도,함양군,마천면,73_80
경상남도,함양군,휴천면,74_82
경상남도,함양군,유림면,75_81
경상남도,함양군,수동면,75_82
경상남도,함양군,지곡면,74_83
경상남도,함양군,안의면,75_85
경상남도,함양군,서하면,73_85
경상남도,함양군,서상면,73_86
경상남도,함양군,백전면,72_83
경상남도,함양군,병곡면,73_83
경상남도,거창군,거창읍,77_86
경상남도,거창군,주상면,77_87
경상남도,거창군,웅양면,77_89
경상남도,거창군,고제면,76_89
경상남도,거창군,북상면,75_88
경상남도,거창군,위천면,75_87
경상남도,거창군,마리면,76_86
경상남도,거창군,남상면,77_85
경상남도,거창군,남하면,77_86
경상남도,거창군,신원면,77_84
경상남도,거창군,가조면,79_87
경상남도,거창군,가북면,78_88
경상남도,합천군,합천읍,81_84
경상남도,합천군,봉산면,79_85
경상남도,합천군,묘산면,80_86
경상남도,합천군,가야면,81_88
경상남도,합천군,야로면,81_87
경상남도,합천군,율곡면,82_84
경상남도,합천군,초계면,83_83
경상남도,합천군,쌍책면,83_84
경상남도,합천군,덕곡면,85_85
경상남도,합천군,청덕면,84_84
경상남도,합천군,적중면,83_83
경상남도,합천군,대양면,82_83
경상남도,합천군,쌍백면,81_81
경상남도,합천군,삼가면,81_80
경상남도,합천군,가회면,79_81
경상남도,합천군,대병면,79_83
경상남도,합천군,용주면,81_83
제주특별자치도,제주시,한림읍,48_36
제주특별자치도,제주시,애월읍,49_37
제주특별자치도,제주시,구좌읍,59_38
제주특별자치도,제주시,조천읍,55_39
제주특별자치도,제주시,한경면,46_35
제주특별자치도,제주시,추자면,48_48
제주특별자치도,제주시,우도면,60_38
제주특별자치도,제주시,일도1동,53_38
제주특별자치도,제주시,일도2동,53_38
제주특별자치도,제주시,이도1동,53_38
제주특별자치도,제주시,이도2동,53_38
제주특별자치도,제주시,삼도1동,53_38
제주특별자치도,제주시,삼도2동,53_38
제주특별자치도,제주시,용담1동,52_38
제주특별자치도,제주시,용담2동,52_38
제주특별자치도,제주시,건입동,53_38
제주특별자치도,제주시,화북동,53_38
제주특별자치도,제주시,삼양동,54_38
제주특별자치도,제주시,봉개동,54_38
제주특별자치도,제주시,아라동,53_37
제주특별자치도,제주시,오라동,52_38
제주특별자치도,제주시,연동,52_38
제주특별자치도,제주시,노형동,52_38
제주특별자치도,제주시,외도동,51_38
제주특별자치도,제주시,이호동,51_38
제주특별자치도,제주시,도두동,52_38
제주특별자치도,서귀포시,대정읍_마라도포함,48_32
제주특별자치도,서귀포시,남원읍,56_33
제주특별자치도,서귀포시,성산읍,60_37
제주특별자치도,서귀포시,안덕면,49_32
제주특별자치도,서귀포시,표선면,58_34
제주특별자치도,서귀포시,송산동,53_32
제주특별자치도,서귀포시,정방동,53_32
제주특별자치도,서귀포시,중앙동,53_32
제주특별자치도,서귀포시,천지동,53_32
제주특별자치도,서귀포시,효돈동,54_33
제주특별자치도,서귀포시,영천동,54_33
제주특별자치도,서귀포시,동홍동,53_33
제주특별자치도,서귀포시,서홍동,53_33
제주특별자치도,서귀포시,대륜동,52_32
제주특별자치도,서귀포시,대천동,52_32
제주특별자치도,서귀포시,중문동,51_32
제주특별자치도,서귀포시,예래동,50_32
이어도,이어도,이어도,28_8
